Date,Price,Open,High,Low,Vol.
17-Jun-21,71.06,71.55,72.3,70.86,-
16-Jun-21,72.15,72.45,72.99,71.61,426.78
15-Jun-21,72.12,71.16,72.49,70.81,336.04
14-Jun-21,70.88,70.65,71.78,70.65,319.64
11-Jun-21,70.91,70.1,71.24,69.68,563.58
10-Jun-21,70.29,69.76,70.65,68.68,492.46
9-Jun-21,69.96,70.01,70.62,69.46,410.82
8-Jun-21,70.05,69.29,70.27,68.47,441.3
7-Jun-21,69.23,69.52,70,68.93,365.62
4-Jun-21,69.62,68.91,69.76,68.33,326.25
3-Jun-21,68.81,68.76,69.4,68.19,351.37
2-Jun-21,68.83,67.99,69,67.78,333
1-Jun-21,67.72,66.68,68.87,66.41,570.99
31-May-21,66.96,66.58,67.41,66.41,-
30-May-21,66.59,66.7,66.75,66.53,-
28-May-21,66.32,66.95,67.52,66.17,390.46
27-May-21,66.85,66.16,66.92,65.47,337.54
26-May-21,66.21,66.04,66.43,65.25,376.21
25-May-21,66.07,66.02,66.51,65.41,497.39
24-May-21,66.05,63.87,66.14,63.63,466.65
21-May-21,63.58,61.89,64.07,61.56,530.83
20-May-21,62.05,63.39,63.96,61.89,29.62
19-May-21,63.36,65.28,65.35,61.95,101.9
18-May-21,65.49,66.33,67.01,64.11,167.35
17-May-21,66.27,65.5,66.43,64.83,268.48
14-May-21,65.37,63.83,65.62,63.33,383.75
13-May-21,63.82,65.75,65.81,63.09,547.69
12-May-21,66.08,65.46,66.63,64.97,508.52
11-May-21,65.28,64.9,65.5,63.68,514.95
10-May-21,64.92,65.57,65.75,63.95,448.34
7-May-21,64.9,64.9,65.24,63.9,431.42
6-May-21,64.71,65.27,65.98,64.5,389.21
5-May-21,65.63,66.45,66.76,64.92,460.07
4-May-21,65.69,64.53,66.19,64.29,370.21
3-May-21,64.49,63.64,64.68,62.91,285.97
30-Apr-21,63.58,64.88,64.95,63.08,400.52
29-Apr-21,65.01,63.7,65.47,63.65,384.49
28-Apr-21,63.86,63.04,64.53,62.67,387.68
27-Apr-21,62.94,61.97,63.3,61.91,361.54
26-Apr-21,61.91,62.06,62.31,60.66,366.87
23-Apr-21,62.14,61.65,62.43,61.25,345.41
22-Apr-21,61.43,61.11,61.87,60.61,344.7
21-Apr-21,61.35,62.39,62.56,60.86,431.49
20-Apr-21,62.44,63.47,64.25,61.5,33.04
19-Apr-21,63.38,62.98,63.63,62.63,74.38
16-Apr-21,63.13,63.32,63.88,62.83,87.8
15-Apr-21,63.46,62.83,63.57,62.53,243.37
14-Apr-21,63.15,60.44,63.44,60.38,419.81
13-Apr-21,60.18,59.64,60.59,59.64,349.73
12-Apr-21,59.7,59.35,60.77,58.73,410.22
9-Apr-21,59.32,59.76,59.95,59.1,351.44
8-Apr-21,59.6,59.52,59.93,58.82,419.91
7-Apr-21,59.77,59.26,60.04,58.12,475.54
6-Apr-21,59.33,58.8,60.9,58.62,457.35
5-Apr-21,58.65,61.5,61.5,57.63,438.86
1-Apr-21,61.45,59.49,61.75,58.86,605.57
31-Mar-21,59.16,60.45,61.17,58.85,414.16
30-Mar-21,60.55,61.96,62.27,59.94,388.19
29-Mar-21,61.56,60.93,61.77,59.41,449.36
26-Mar-21,60.97,58.48,61.36,58.32,472
25-Mar-21,58.56,60.8,60.86,57.44,580.11
24-Mar-21,61.18,57.4,61.34,57.29,566.29
23-Mar-21,57.76,61.28,61.35,57.25,712.32
22-Mar-21,61.55,61.55,61.9,60.39,28.26
19-Mar-21,61.42,59.56,61.72,58.94,84.17
18-Mar-21,60,64.42,64.82,58.2,143.6
17-Mar-21,64.6,64.75,65.34,63.6,254.72
16-Mar-21,64.8,65.33,65.43,63.8,317.54
15-Mar-21,65.39,65.56,66.4,64.13,378.01
12-Mar-21,65.61,65.96,66.24,65.41,321.71
11-Mar-21,66.02,64.7,66.21,64.54,441.06
10-Mar-21,64.44,63.84,64.96,63.13,498.49
9-Mar-21,64.01,64.73,65.98,63.63,554.56
8-Mar-21,65.05,66.68,67.98,64.57,533.38
5-Mar-21,66.09,64.16,66.42,63.82,573.17
4-Mar-21,63.83,61.08,64.86,60.52,694.63
3-Mar-21,61.28,59.55,61.99,59.24,465.31
2-Mar-21,59.75,60.23,61.21,59.38,464.13
1-Mar-21,60.64,61.95,62.92,59.96,456.68
26-Feb-21,61.5,63.46,63.57,61.34,472.72
25-Feb-21,63.53,63.39,63.81,62.65,510.36
24-Feb-21,63.22,61.29,63.51,60.97,489.93
23-Feb-21,61.67,62.16,63,60.67,570.68
22-Feb-21,61.49,58.88,61.84,58.82,37.04
19-Feb-21,59.24,60.2,60.29,58.59,102.43
18-Feb-21,60.52,61.68,62.26,59.79,132.04
17-Feb-21,61.14,60.24,61.73,59.43,335.42
16-Feb-21,60.05,59.98,60.95,59.33,602.33
15-Feb-21,60.09,60.36,60.95,59.96,-
14-Feb-21,60.37,60.01,60.75,60.01,-
12-Feb-21,59.47,57.94,59.82,57.41,480.82
11-Feb-21,58.24,58.4,58.71,57.84,380.45
10-Feb-21,58.68,58.45,58.91,58.08,457.54
9-Feb-21,58.36,58.11,58.62,57.27,514.7
8-Feb-21,57.97,57.06,58.14,57,399.72
5-Feb-21,56.85,56.46,57.29,56.43,400.83
4-Feb-21,56.23,55.96,56.58,55.3,381.4
3-Feb-21,55.69,55.05,56.33,54.81,448.69
2-Feb-21,54.76,53.48,55.26,53.45,463.72
1-Feb-21,53.55,51.99,53.74,51.64,416.07
29-Jan-21,52.2,52.15,53.25,51.93,410.91
28-Jan-21,52.34,52.65,53.58,52.04,411.41
27-Jan-21,52.85,52.76,53.3,51.85,442.38
26-Jan-21,52.61,52.91,53.25,52.29,314.54
25-Jan-21,52.77,52.17,52.95,51.82,349.08
22-Jan-21,52.27,53.1,53.16,51.44,437.48
21-Jan-21,53.13,52.93,53.41,52.75,352.4
20-Jan-21,53.24,53.13,53.79,53.05,37.84
19-Jan-21,52.98,52,53.13,51.76,125.96
18-Jan-21,52.12,52.2,52.61,51.83,-
17-Jan-21,52.2,52.09,52.38,52.09,-
15-Jan-21,52.36,53.8,53.83,51.83,165.67
14-Jan-21,53.57,52.84,53.75,52.24,390.09
13-Jan-21,52.91,53.31,53.93,52.58,429.9
12-Jan-21,53.21,52.18,53.45,52.07,400.2
11-Jan-21,52.25,52.58,52.7,51.5,394.82
8-Jan-21,52.24,50.93,52.75,50.81,499.42
7-Jan-21,50.83,50.53,51.28,50.39,369.29
6-Jan-21,50.63,49.82,50.94,49.48,509.37
5-Jan-21,49.93,47.38,50.2,47.24,643.19
4-Jan-21,47.62,48.4,49.83,47.18,528.53
31-Dec-20,48.52,48.35,48.58,47.77,181.89
30-Dec-20,48.4,48.13,48.66,47.61,266.96
29-Dec-20,48,47.72,48.35,47.68,213.78
28-Dec-20,47.62,48.23,48.96,47.5,238.46
24-Dec-20,48.23,48.09,48.62,47.56,167.39
23-Dec-20,48.12,46.79,48.5,46.16,344.31
22-Dec-20,47.02,47.93,47.96,46.6,295.74
21-Dec-20,47.74,48.54,48.61,46.18,27.96
18-Dec-20,49.1,48.43,49.28,48.1,83.71
17-Dec-20,48.36,47.85,48.59,47.81,96.54
16-Dec-20,47.82,47.6,47.94,47.17,275.33
15-Dec-20,47.62,46.99,47.73,46.54,311.17
14-Dec-20,46.99,46.73,47.44,45.69,403.54
11-Dec-20,46.57,46.97,47.29,46.34,367.31
10-Dec-20,46.78,45.69,47.74,45.52,447.53
9-Dec-20,45.52,45.6,46.24,44.95,434.98
8-Dec-20,45.6,45.66,45.93,45.14,332.64
7-Dec-20,45.76,46.15,46.54,45.36,348.87
4-Dec-20,46.26,45.64,46.68,45.61,335.45
3-Dec-20,45.64,44.99,45.84,44.66,350.77
2-Dec-20,45.28,44.38,45.92,43.92,368.85
1-Dec-20,44.55,45.08,45.7,44.12,314.92
30-Nov-20,45.34,45.34,45.8,44.42,370.76
27-Nov-20,45.53,45.9,46.09,44.55,365.13
26-Nov-20,44.98,45.77,46.09,44.73,-
25-Nov-20,45.71,44.82,46.26,44.73,417.18
24-Nov-20,44.91,42.84,45.2,42.82,418.53
23-Nov-20,43.06,42.46,43.36,42.29,300.72
20-Nov-20,42.15,41.7,42.32,41.51,29.78
19-Nov-20,41.74,41.61,41.98,41.08,88.14
18-Nov-20,41.82,41.35,42.46,41.08,107.01
17-Nov-20,41.43,41.44,41.69,40.57,243.68
16-Nov-20,41.34,40.17,42.09,40.15,378.79
13-Nov-20,40.13,40.94,40.94,40.06,338.19
12-Nov-20,41.12,41.47,42.19,40.87,401.03
11-Nov-20,41.45,41.79,43.06,41.32,443.77
10-Nov-20,41.36,39.91,41.84,39.41,457.05
9-Nov-20,40.29,37.34,41.33,37.16,622.92
6-Nov-20,37.14,38.54,38.61,37.06,411.03
5-Nov-20,38.79,39.17,39.35,38.27,298.37
4-Nov-20,39.15,38.15,39.25,37.26,437
3-Nov-20,37.66,37.03,38.32,36.57,410.61
2-Nov-20,36.81,35.24,37.15,33.64,489.2
30-Oct-20,35.79,36.07,36.6,35.21,388.97
29-Oct-20,36.17,37.39,37.76,34.92,568.82
28-Oct-20,37.39,38.97,39.01,36.97,489.95
27-Oct-20,39.57,38.59,39.83,38.51,339.54
26-Oct-20,38.56,39.69,39.74,38.28,360.18
23-Oct-20,39.85,40.61,40.92,39.57,268.93
22-Oct-20,40.64,40.04,41.02,39.71,307.49
21-Oct-20,40.03,41.22,41.59,39.78,366.9
20-Oct-20,41.46,40.65,41.7,40.25,24.52
19-Oct-20,40.83,40.69,41.22,40.54,75.34
16-Oct-20,40.88,40.88,41.05,40.08,96.49
15-Oct-20,40.96,41.13,41.29,39.22,248.25
14-Oct-20,41.04,40.19,41.16,39.82,328.3
13-Oct-20,40.2,39.53,40.53,39.35,375.47
12-Oct-20,39.43,40.4,40.45,39.04,322.04
9-Oct-20,40.6,41.31,41.47,40.38,331.7
8-Oct-20,41.19,39.99,41.33,39.76,409.79
7-Oct-20,39.95,39.83,40.35,39.28,433.07
6-Oct-20,40.67,39.35,40.86,39.1,400.53
5-Oct-20,39.22,37,39.72,37,378.58
2-Oct-20,37.05,38.6,38.65,36.63,391.43
1-Oct-20,38.72,39.9,40.47,37.61,443.44
30-Sep-20,40.22,39.16,40.37,38.68,340.29
29-Sep-20,39.29,40.58,40.7,38.41,379.6
28-Sep-20,40.6,40.07,40.8,39.78,226.43
25-Sep-20,40.25,40.15,40.64,39.71,229.03
24-Sep-20,40.31,39.6,40.37,39.12,269.99
23-Sep-20,39.93,39.76,40.75,39.26,318.75
22-Sep-20,39.6,39.63,40.02,39,23.22
21-Sep-20,39.31,40.98,41.27,38.66,66.2
18-Sep-20,41.11,40.97,41.49,40.3,73.76
17-Sep-20,40.97,40.19,41.22,39.42,280.67
16-Sep-20,40.23,38.53,40.34,38.37,-
15-Sep-20,38.28,37.28,38.57,37.06,348.86
14-Sep-20,37.26,37.32,37.68,36.82,347.56
11-Sep-20,37.33,37.01,37.82,36.67,363.79
10-Sep-20,37.3,37.8,38.18,36.93,367.56
9-Sep-20,38.05,36.79,38.45,36.16,455.36
8-Sep-20,36.76,39.48,39.59,36.13,720.98
7-Sep-20,39.2,38.77,39.53,38.77,-
6-Sep-20,38.75,39.47,39.48,38.57,-
4-Sep-20,39.77,41.25,41.87,39.35,444.18
3-Sep-20,41.37,41.63,41.79,40.22,417.63
2-Sep-20,41.51,43.02,43.21,41.23,421.77
1-Sep-20,42.76,42.83,43.43,42.72,285.15
31-Aug-20,42.61,42.91,43.57,42.56,236.88
28-Aug-20,42.97,42.98,43.42,42.69,272.8
27-Aug-20,43.04,43.45,43.5,42.36,320.97
26-Aug-20,43.39,43.39,43.78,43,262.24
25-Aug-20,43.35,42.36,43.57,42.31,330.8
24-Aug-20,42.62,42.48,42.89,42.23,294.73
21-Aug-20,42.34,42.75,42.96,41.46,345.37
20-Aug-20,42.58,42.74,42.79,41.5,27.43
19-Aug-20,42.93,42.6,43.03,42.36,81.3
18-Aug-20,42.89,42.79,42.99,42.11,111.63
17-Aug-20,42.89,42.24,42.97,41.8,208.43
14-Aug-20,42.01,42.33,42.57,41.62,310.87
13-Aug-20,42.24,42.57,42.84,42.09,329.51
12-Aug-20,42.67,41.62,42.9,41.53,397.83
11-Aug-20,41.61,41.98,42.94,41.48,432.84
10-Aug-20,41.94,41.5,42.33,41.17,367.8
7-Aug-20,41.22,41.97,42.22,41.06,399
6-Aug-20,41.95,42.19,42.65,41.61,359.61
5-Aug-20,42.19,41.56,43.52,41.47,491.27
4-Aug-20,41.7,40.78,42.08,40.14,451.58
3-Aug-20,41.01,40.39,41.24,39.58,338.33
31-Jul-20,40.27,40.34,40.55,39.66,318.79
30-Jul-20,39.92,41.32,41.39,38.72,487.33
29-Jul-20,41.27,41.13,41.57,40.93,295.86
28-Jul-20,41.04,41.65,41.93,40.85,276.8
27-Jul-20,41.6,41.26,41.82,40.48,377.71
24-Jul-20,41.29,41.06,41.67,40.66,353.16
23-Jul-20,41.07,41.95,42.36,40.83,389.41
22-Jul-20,41.9,41.54,42.03,41.14,333.65
21-Jul-20,41.96,40.65,42.4,40.64,25.62
20-Jul-20,40.81,40.64,40.91,39.83,60.18
17-Jul-20,40.59,40.72,40.9,40.02,88.22
16-Jul-20,40.75,40.97,41.18,40.52,200.1
15-Jul-20,41.2,40.55,41.26,40.08,352.54
14-Jul-20,40.29,39.6,40.57,39.07,426.97
13-Jul-20,40.1,40.35,40.72,39.47,370.72
10-Jul-20,40.55,39.58,40.77,38.54,393.15
9-Jul-20,39.62,40.87,40.99,39.27,367.39
8-Jul-20,40.9,40.48,41.08,40.3,286.74
7-Jul-20,40.62,40.68,40.95,39.9,256.6
6-Jul-20,40.63,40.31,41.08,40.15,373.24
3-Jul-20,40.28,40.23,40.5,39.86,-
2-Jul-20,40.65,39.78,40.74,39.46,347.1
1-Jul-20,39.82,39.84,40.58,39.05,407.17
30-Jun-20,39.27,39.64,40.08,38.85,370.06
29-Jun-20,39.7,37.96,39.89,37.5,343.91
26-Jun-20,38.49,39.09,39.35,37.79,356.71
25-Jun-20,38.72,38.05,39.23,37.08,451.64
24-Jun-20,38.01,39.99,40.54,37.31,499.49
23-Jun-20,40.37,40.68,41.63,39.76,368.73
22-Jun-20,40.46,39.18,40.7,39.12,29.89
19-Jun-20,39.75,38.85,40.49,38.4,64.11
18-Jun-20,38.84,37.74,38.97,37.11,113.38
17-Jun-20,37.96,37.93,38.75,37.21,239.52
16-Jun-20,38.38,37.05,39.06,36.38,366.32
15-Jun-20,37.12,36.03,37.26,34.36,387.55
12-Jun-20,36.26,36.26,36.99,34.48,406.51
11-Jun-20,36.34,39.09,39.09,35.41,513.91
10-Jun-20,39.6,38.5,39.91,37.73,385.87
9-Jun-20,38.94,38.22,39.1,37.07,396.03
8-Jun-20,38.19,39.41,40.44,37.96,416.64
5-Jun-20,39.55,37.33,39.68,37.05,396.86
4-Jun-20,37.41,36.76,37.62,36.38,307.61
3-Jun-20,37.29,36.86,38.18,35.88,494.25
2-Jun-20,36.24,35.45,36.52,35.3,-
1-Jun-20,35.44,35.21,35.9,34.27,385.71
29-May-20,35.49,33.68,35.77,32.36,443.65
28-May-20,33.71,32.1,34.21,31.14,440.17
27-May-20,32.81,34.14,34.32,31.75,415.25
26-May-20,34.35,33.3,34.81,32.48,466.74
25-May-20,33.92,32.92,34.18,32.72,-
24-May-20,32.9,33.38,33.42,32.5,-
22-May-20,33.25,33.95,34,30.72,429.04
21-May-20,33.92,33.53,34.66,33.26,372.81
20-May-20,33.49,31.89,33.78,31.56,406.43
19-May-20,32.5,32.83,33.44,31.34,36.07
18-May-20,31.82,29.53,33.32,29.53,89.38
15-May-20,29.43,27.64,29.92,27.24,108.02
14-May-20,27.56,25.56,27.96,25.18,160.51
13-May-20,25.29,25.3,26.45,24.79,150.86
12-May-20,25.78,24.49,26.23,24.22,212.34
11-May-20,24.14,24.49,25.58,23.67,179.59
8-May-20,24.74,23.35,24.99,23.26,205.18
7-May-20,23.55,24.09,26.74,22.94,310.26
6-May-20,23.99,25.52,26.08,22.58,381.17
5-May-20,24.56,21.24,25.49,21.13,387.24
4-May-20,20.39,19.11,21.42,18.05,311.49
1-May-20,19.78,19.04,20.48,18.07,403.2
30-Apr-20,18.84,15.64,19.44,15.45,545.34
29-Apr-20,15.06,13.35,16.78,12.67,554.13
28-Apr-20,12.34,12.96,13.69,10.07,897.09
27-Apr-20,12.78,16.84,16.98,11.88,623.2
24-Apr-20,16.94,16.78,17.97,15.64,600.22
23-Apr-20,16.5,14.2,18.26,13.35,833.58
22-Apr-20,13.78,13.12,16.18,10.26,1240
21-Apr-20,10.01,-14,13.86,-16.74,18.44
20-Apr-20,-37.63,17.73,17.85,-40.32,247.95
17-Apr-20,18.27,20,20.22,17.31,240.63
16-Apr-20,19.87,20.15,20.53,19.42,350.94
15-Apr-20,19.87,20.72,20.89,19.2,544.8
14-Apr-20,20.11,22.36,23.08,19.95,785.48
13-Apr-20,22.41,24.6,24.74,22.03,775.12
9-Apr-20,22.76,26.28,28.36,22.57,1120
8-Apr-20,25.09,24.3,26.45,23.74,823.55
7-Apr-20,23.63,26.34,27.24,23.54,797.71
6-Apr-20,26.08,26.09,28.24,25.28,752.71
3-Apr-20,28.34,24.81,29.13,23.52,1010
2-Apr-20,25.32,21.22,27.39,20.76,1100
1-Apr-20,20.31,20.1,21.55,19.9,703.29
31-Mar-20,20.48,20.23,21.89,20.01,660.08
30-Mar-20,20.09,20.93,20.93,19.27,758.71
27-Mar-20,21.51,23.29,23.44,20.88,603.12
26-Mar-20,22.6,24.25,24.65,22.38,633.88
25-Mar-20,24.49,24.37,25.24,22.91,618.73
24-Mar-20,24.01,23.87,25.16,23.09,659.7
23-Mar-20,23.36,22.52,24.07,20.8,852.95
20-Mar-20,22.43,24.73,27.89,19.46,29.76
19-Mar-20,25.22,22.3,27.71,21.36,136.72
18-Mar-20,20.37,26.94,27.22,20.06,309.48
17-Mar-20,26.95,28.69,30.3,26.63,545.82
16-Mar-20,28.7,33.75,33.75,28.1,698.83
13-Mar-20,31.73,30.77,33.87,30.33,743.13
12-Mar-20,31.5,33.07,33.63,30.02,1030
11-Mar-20,32.98,34.62,36.35,32.56,874.65
10-Mar-20,34.36,30.37,35.02,30.2,1060
9-Mar-20,31.13,32.87,34.88,27.34,1770
6-Mar-20,41.28,46.09,46.38,41.05,1280
5-Mar-20,45.9,47.13,47.57,45.65,704.59
4-Mar-20,46.78,46.94,48.41,46.65,745.86
3-Mar-20,47.18,47.72,48.66,46.47,1010
2-Mar-20,46.75,43.7,47.56,43.32,949.47
28-Feb-20,44.76,46.49,47.03,43.85,1100
27-Feb-20,47.09,48.63,48.78,45.88,1010
26-Feb-20,48.73,50.08,50.44,48.3,884.48
25-Feb-20,49.9,51.37,52.02,49.69,764.99
24-Feb-20,51.43,52.6,52.64,50.45,765.52
21-Feb-20,53.38,53.74,53.86,52.55,707.56
20-Feb-20,53.78,53.5,54.5,53.22,30.67
19-Feb-20,53.29,52.12,53.66,51.93,113.68
18-Feb-20,52.05,52.23,52.41,50.88,221.77
17-Feb-20,52.2,52.34,52.59,52.05,-
16-Feb-20,52.36,52.45,52.63,52.34,-
14-Feb-20,52.05,51.51,52.34,51.32,607.34
13-Feb-20,51.42,51.72,51.96,50.6,745.4
12-Feb-20,51.17,49.96,51.73,49.95,795.26
11-Feb-20,49.94,49.61,50.69,49.58,725.73
10-Feb-20,49.57,50.12,50.49,49.42,715.89
7-Feb-20,50.32,51.11,51.48,50.09,768.35
6-Feb-20,50.95,51.17,52.2,50.24,750.66
5-Feb-20,50.75,49.51,51.88,49.47,887.95
4-Feb-20,49.61,49.94,51.55,49.31,859.36
3-Feb-20,50.11,51.01,51.97,49.8,876.04
31-Jan-20,51.56,52.92,53.36,50.97,827.91
30-Jan-20,52.14,53.09,53.2,51.66,720.12
29-Jan-20,53.33,53.97,54.37,52.81,624.98
28-Jan-20,53.48,52.77,54.06,52.68,633.96
27-Jan-20,53.14,53.7,53.71,52.13,712.88
24-Jan-20,54.19,55.69,55.95,53.85,586.2
23-Jan-20,55.59,56.11,56.27,54.77,704
22-Jan-20,56.74,58.26,58.38,56.03,620.12
21-Jan-20,58.34,59.17,59.73,57.68,50.18
20-Jan-20,58.73,59.28,59.32,58.56,-
19-Jan-20,59.27,59.36,59.66,59.2,-
17-Jan-20,58.54,58.59,58.98,58.27,122.56
16-Jan-20,58.52,58.1,58.87,57.56,182.87
15-Jan-20,57.81,58.2,58.36,57.36,433.17
14-Jan-20,58.23,58.03,58.72,57.72,507.71
13-Jan-20,58.08,59.04,59.27,57.91,584
10-Jan-20,59.04,59.61,59.78,58.85,596.19
9-Jan-20,59.56,59.99,60.31,58.66,750.93
8-Jan-20,59.61,62.84,65.65,59.15,1210
7-Jan-20,62.7,62.91,63.15,62.11,582.65
6-Jan-20,63.27,63.71,64.72,62.64,724.24
3-Jan-20,63.05,61.18,64.09,61.13,885.86
2-Jan-20,61.18,61.6,61.6,60.64,486.87
1-Jan-20,61.33,61.52,61.54,61.33,-
31-Dec-19,61.06,61.68,61.88,60.63,494.54
30-Dec-19,61.68,61.71,62.34,61.09,427.15
27-Dec-19,61.72,61.73,61.97,61.24,351.9
26-Dec-19,61.68,61.2,61.83,61.06,265.09
25-Dec-19,61.19,61.45,61.52,61.17,-
24-Dec-19,61.11,60.63,61.16,60.47,204.54
23-Dec-19,60.52,60.41,60.77,60.1,314.71
20-Dec-19,60.44,61.11,61.2,60.02,552.52
19-Dec-19,61.22,60.86,61.47,60.79,35.46
18-Dec-19,60.93,60.55,61.18,60.32,131.07
17-Dec-19,60.94,60.23,61.06,60.03,163.74
16-Dec-19,60.21,59.87,60.34,59.71,347.4
13-Dec-19,60.07,59.36,60.48,59.27,512.29
12-Dec-19,59.18,58.88,59.72,58.75,530.85
11-Dec-19,58.76,59.06,59.22,58.11,589.65
10-Dec-19,59.24,58.92,59.52,58.52,566.82
9-Dec-19,59.02,59.11,59.25,58.23,511.56
6-Dec-19,59.2,58.32,59.85,57.7,679.61
5-Dec-19,58.43,58.36,59.12,58.1,649.46
4-Dec-19,58.43,56.43,58.66,56.28,760.54
3-Dec-19,56.1,55.96,56.8,55.35,560.55
2-Dec-19,55.96,55.47,56.67,55.42,616.42
29-Nov-19,55.17,58.13,58.3,55.02,718.72
28-Nov-19,58.08,57.97,58.29,57.64,-
27-Nov-19,58.11,58.27,58.68,57.51,454.26
26-Nov-19,58.41,57.92,58.56,57.76,443.82
25-Nov-19,58.01,57.92,58.15,57.21,420.64
22-Nov-19,57.77,58.31,58.74,57.5,508.24
21-Nov-19,58.58,57,58.67,56.6,593.53
20-Nov-19,57.11,55.16,57.25,54.76,31.92
19-Nov-19,55.21,56.9,57.11,55.04,121.21
18-Nov-19,57.05,57.88,58.09,56.55,159.33
15-Nov-19,57.72,56.91,57.97,56.43,375.99
14-Nov-19,56.77,57.39,57.79,56.63,516.83
13-Nov-19,57.12,56.79,57.53,56.2,547.64
12-Nov-19,56.8,56.89,57.55,56.54,586.57
11-Nov-19,56.86,57.4,57.4,56.25,498.98
8-Nov-19,57.24,57.08,57.48,55.76,636.94
7-Nov-19,57.15,56.35,57.88,56.27,678.17
6-Nov-19,56.35,57.26,57.85,56.11,623.26
5-Nov-19,57.23,56.56,57.5,56.3,435.32
4-Nov-19,56.54,56.41,57.43,55.83,580.35
1-Nov-19,56.2,54.15,56.33,54.07,538.12
31-Oct-19,54.18,54.9,55.59,53.71,677.42
30-Oct-19,55.06,55.53,55.73,54.42,659.33
29-Oct-19,55.54,55.8,55.91,54.61,521.46
28-Oct-19,55.81,56.65,56.92,55.58,437.02
25-Oct-19,56.66,56.07,56.74,55.6,445.02
24-Oct-19,56.23,55.9,56.51,55.41,480.76
23-Oct-19,55.97,54.3,56.07,53.62,620.2
22-Oct-19,54.16,53.39,54.62,53.1,33.92
21-Oct-19,53.31,53.71,54.03,52.71,95.98
18-Oct-19,53.78,54.09,54.62,53.35,174.48
17-Oct-19,53.93,52.99,54.16,52.62,418.42
16-Oct-19,53.36,52.92,53.74,52.51,451.64
15-Oct-19,52.81,53.51,53.79,52.39,511.25
14-Oct-19,53.59,54.9,54.9,52.77,467.64
11-Oct-19,54.7,53.88,54.93,53.64,741.7
10-Oct-19,53.55,52.69,53.97,51.38,613.94
9-Oct-19,52.59,52.57,53.74,52.31,632.67
8-Oct-19,52.63,52.81,53.27,51.81,658.32
7-Oct-19,52.75,52.69,54.06,52.59,549.02
4-Oct-19,52.81,52.29,53.35,52.04,541.1
3-Oct-19,52.45,52.47,52.91,50.99,642.47
2-Oct-19,52.64,54,54.42,52.17,590.31
1-Oct-19,53.62,54.28,54.84,53.05,589.18
30-Sep-19,54.07,56.54,56.57,53.98,532.52
27-Sep-19,55.91,56.51,56.76,54.75,712.97
26-Sep-19,56.41,56.69,56.84,55.41,599.65
25-Sep-19,56.49,56.7,57.02,55.55,563.55
24-Sep-19,57.29,58.44,58.49,56.69,591.53
23-Sep-19,58.64,59.25,59.39,57.37,526.79
20-Sep-19,58.09,58.65,59.1,57.79,37.98
19-Sep-19,58.13,58.2,59.54,58.01,112.33
18-Sep-19,58.11,58.81,59.43,57.67,216.96
17-Sep-19,59.34,61.96,62.59,58.46,993.24
16-Sep-19,62.9,61.48,63.38,58.77,1400
13-Sep-19,54.85,55.15,55.68,54.44,599.47
12-Sep-19,55.09,55.93,56.34,54,845.98
11-Sep-19,55.75,57.89,58.3,55.61,858.77
10-Sep-19,57.4,58.03,58.76,57.2,755.47
9-Sep-19,57.85,56.8,58.16,56.58,646.99
6-Sep-19,56.52,56.19,56.95,54.83,714.29
5-Sep-19,56.3,55.95,57.76,55.75,712.47
4-Sep-19,56.26,53.92,56.58,53.84,682.3
3-Sep-19,53.94,55,55.24,52.84,970.8
2-Sep-19,54.66,54.81,55.22,54.36,-
1-Sep-19,54.8,55,55,54.56,-
30-Aug-19,55.1,56.63,56.72,54.55,708.27
29-Aug-19,56.71,55.88,56.89,55.43,630.76
28-Aug-19,55.78,55.71,56.75,55.34,674.05
27-Aug-19,54.93,53.76,55.72,53.69,596.62
26-Aug-19,53.64,53.25,55.26,52.96,679.02
23-Aug-19,54.17,55.35,55.6,53.24,807.15
22-Aug-19,55.35,55.94,56.46,54.85,621.57
21-Aug-19,55.68,56.05,57.13,55.55,704.04
20-Aug-19,56.34,56.1,56.6,55.28,47.45
19-Aug-19,56.21,54.96,56.41,54.84,113.57
16-Aug-19,54.87,54.74,55.67,54.26,168.35
15-Aug-19,54.47,54.9,55.33,53.77,527.87
14-Aug-19,55.23,56.74,56.85,53.97,718.29
13-Aug-19,57.1,54.73,57.47,54.21,783.49
12-Aug-19,54.93,54.32,55.18,53.54,611.03
9-Aug-19,54.5,52.88,54.92,52.37,726.39
8-Aug-19,52.54,52.33,53.06,51.94,724.76
7-Aug-19,51.09,53.42,53.77,50.52,1060
6-Aug-19,53.63,54.95,55.42,53.29,682.79
5-Aug-19,54.69,55.38,55.61,54.22,823.84
2-Aug-19,55.66,54.54,56.05,54.15,739.81
1-Aug-19,53.95,57.85,57.99,53.59,886.75
31-Jul-19,58.58,58.34,58.82,57.81,614
30-Jul-19,58.05,57.07,58.47,56.96,547.4
29-Jul-19,56.87,56.2,57.1,55.81,529.74
26-Jul-19,56.2,55.93,56.57,55.68,476.79
25-Jul-19,56.02,55.9,56.99,55.81,559.28
24-Jul-19,55.88,57.23,57.64,55.33,745.25
23-Jul-19,56.77,56.17,57.47,55.74,521.88
22-Jul-19,56.22,56.22,56.84,55.72,24.3
19-Jul-19,55.63,55.72,56.36,54.99,105.22
18-Jul-19,55.3,56.6,57.32,54.72,215.36
17-Jul-19,56.78,57.52,58.36,56.21,504.43
16-Jul-19,57.62,59.26,60.06,57.07,712.54
15-Jul-19,59.58,60.25,60.92,59.2,566.82
12-Jul-19,60.21,60.46,60.74,59.93,469.03
11-Jul-19,60.2,60.44,60.94,60.14,573.02
10-Jul-19,60.43,58.4,60.53,58.35,690.66
9-Jul-19,57.83,57.56,59.1,57.29,551.87
8-Jul-19,57.66,57.77,58.46,57.3,540.86
5-Jul-19,57.51,57.38,57.82,56.29,698.02
4-Jul-19,56.8,57.41,57.57,56.48,-
3-Jul-19,57.34,56.49,57.48,56.04,600.13
2-Jul-19,56.25,59.14,59.43,56.09,878.94
1-Jul-19,59.09,59.27,60.28,58.34,674.89
28-Jun-19,58.47,59.22,59.8,57.75,556.1
27-Jun-19,59.43,59.27,59.73,58.61,531.41
26-Jun-19,59.38,58.84,59.93,58.65,686.82
25-Jun-19,57.83,57.74,58.84,57.2,673.14
24-Jun-19,57.9,57.72,58.22,56.75,597.16
21-Jun-19,57.43,57.26,57.98,56.66,676.05
20-Jun-19,56.65,54.12,57.02,54.11,27.88
19-Jun-19,53.76,54.09,54.42,53.28,122.84
18-Jun-19,53.9,51.95,54.31,51.5,181.64
17-Jun-19,51.93,52.5,52.74,51.58,397.87
14-Jun-19,52.51,52.18,52.98,51.7,574.23
13-Jun-19,52.28,51.07,53.45,50.92,945.02
12-Jun-19,51.14,53.04,53.05,50.72,786.11
11-Jun-19,53.27,53.43,54.04,52.91,642.94
10-Jun-19,53.26,54.24,54.84,53.05,687.15
7-Jun-19,53.99,53.1,54.32,52.62,828.13
6-Jun-19,52.59,51.66,53.3,51.17,790.07
5-Jun-19,51.68,52.86,53.41,50.6,943.19
4-Jun-19,53.48,52.89,53.78,52.43,831.63
3-Jun-19,53.25,53.42,54.63,52.11,984.31
31-May-19,53.5,56.46,56.61,53.05,1030
30-May-19,56.59,59.12,59.7,56.33,842.28
29-May-19,58.81,59.07,59.14,56.88,1120
28-May-19,59.14,58.94,59.57,58.13,1020
27-May-19,59.16,58.77,59.26,58.14,-
26-May-19,58.77,58.94,59,58.67,-
24-May-19,58.63,58.21,59.1,57.5,758.1
23-May-19,57.91,61.31,61.41,57.33,1110
22-May-19,61.42,62.95,63,61.03,766.73
21-May-19,62.99,63.22,63.6,62.75,28.91
20-May-19,63.1,62.93,63.81,62.45,131.89
17-May-19,62.76,63.12,63.64,62.52,215.8
16-May-19,62.87,62.12,63.48,62.08,545.68
15-May-19,62.02,61.37,62.34,60.85,723
14-May-19,61.78,60.86,62.11,60.69,751.67
13-May-19,61.04,61.65,63.33,60.64,1000
10-May-19,61.66,61.64,62.49,61.42,786.49
9-May-19,61.7,62.02,62.21,60.92,769.58
8-May-19,62.12,61.44,62.37,61.07,791.77
7-May-19,61.4,62.17,62.49,60.66,842.81
6-May-19,62.25,61.43,62.95,60.04,768.81
3-May-19,61.94,61.55,62.52,61.3,646.87
2-May-19,61.81,63.61,63.68,60.95,914.66
1-May-19,63.6,63.4,63.93,62.77,676.87
30-Apr-19,63.91,63.58,64.75,63.3,750.49
29-Apr-19,63.5,62.95,63.69,62.46,654.08
26-Apr-19,63.3,65.13,65.18,62.28,1000
25-Apr-19,65.21,65.81,66.28,64.9,603
24-Apr-19,65.89,66.17,66.43,65.66,678.39
23-Apr-19,66.3,65.75,66.6,65.58,700.6
22-Apr-19,65.7,64,65.92,64,30.14
18-Apr-19,64,63.75,64.16,63.46,148.24
17-Apr-19,63.76,64.32,64.61,63.66,235.38
16-Apr-19,64.05,63.57,64.37,62.99,547.47
15-Apr-19,63.4,63.76,63.84,63.03,555.86
12-Apr-19,63.89,63.71,64.65,63.66,625.59
11-Apr-19,63.58,64.48,64.49,63.31,760.5
10-Apr-19,64.61,64.22,64.7,64.05,722.22
9-Apr-19,63.98,64.4,64.79,63.68,790.68
8-Apr-19,64.4,63.33,64.48,63.13,895.77
5-Apr-19,63.08,62.18,63.34,61.82,686.86
4-Apr-19,62.1,62.5,62.77,61.89,684.97
3-Apr-19,62.46,62.64,62.99,62.05,799.67
2-Apr-19,62.58,61.81,62.75,61.6,793.23
1-Apr-19,61.59,60.24,61.8,60.13,670.81
29-Mar-19,60.14,59.53,60.73,59.41,705.56
28-Mar-19,59.3,59.4,59.56,58.2,712.21
27-Mar-19,59.41,60.03,60.22,58.81,732.15
26-Mar-19,59.94,59.12,60.38,59.04,685.99
25-Mar-19,58.82,58.98,59.35,58.17,705.4
22-Mar-19,59.04,59.87,60.07,58.28,738.84
21-Mar-19,59.98,59.99,60.39,59.66,655.38
20-Mar-19,59.83,59.02,60.12,58.39,31.13
19-Mar-19,59.03,59.01,59.57,58.62,114.82
18-Mar-19,59.09,58.45,59.23,58.05,157.24
15-Mar-19,58.52,58.51,58.95,57.74,507.39
14-Mar-19,58.61,58.35,58.74,58,567.6
13-Mar-19,58.26,57.09,58.48,57.01,610.62
12-Mar-19,56.87,56.76,57.55,56.74,652.8
11-Mar-19,56.79,56.07,57.01,55.96,597.16
8-Mar-19,56.07,56.43,56.51,54.52,747.36
7-Mar-19,56.66,56.2,56.99,56.08,628.82
6-Mar-19,56.22,56.28,56.4,55.42,637.68
5-Mar-19,56.56,56.45,57.19,56.09,538.4
4-Mar-19,56.59,55.83,57,55.81,549.4
1-Mar-19,55.8,57.22,57.88,55.57,684.19
28-Feb-19,57.22,57,57.43,56.43,496.68
27-Feb-19,56.94,55.95,57.39,55.72,577.23
26-Feb-19,55.5,55.46,56.08,55.02,538.92
25-Feb-19,55.48,57.17,57.53,55.08,723.01
22-Feb-19,57.26,56.84,57.81,56.71,513.44
21-Feb-19,56.96,57.24,57.61,56.64,546.2
20-Feb-19,56.92,55.94,57.55,55.48,37.68
19-Feb-19,56.09,55.78,56.33,55.29,153.73
18-Feb-19,56.27,56.33,56.73,56.12,-
17-Feb-19,56.33,56.17,56.39,56.11,-
15-Feb-19,55.59,54.48,55.87,54.24,276.91
14-Feb-19,54.41,53.96,54.68,53.08,623.55
13-Feb-19,53.9,53.35,54.6,53.27,706.55
12-Feb-19,53.1,52.47,54.05,52.29,708.31
11-Feb-19,52.41,52.66,52.78,51.23,750.24
8-Feb-19,52.72,52.59,52.99,52.08,621
7-Feb-19,52.64,53.94,54.21,51.8,749.01
6-Feb-19,54.01,53.73,54.3,52.86,606.72
5-Feb-19,53.66,54.86,55.21,53.47,609.76
4-Feb-19,54.56,55.32,55.75,53.29,622.47
1-Feb-19,55.26,54.01,55.66,53.37,689.57
31-Jan-19,53.79,54.28,55.37,53.62,718.65
30-Jan-19,54.23,53.24,54.93,53.09,731.31
29-Jan-19,53.31,52.12,53.93,51.84,660.53
28-Jan-19,51.99,53.56,53.64,51.33,650.67
25-Jan-19,53.69,53.17,53.94,52.91,593.39
24-Jan-19,53.13,52.45,53.47,52.07,714.42
23-Jan-19,52.62,52.95,53.64,51.86,702.87
22-Jan-19,52.57,53.73,54.24,51.8,46.03
21-Jan-19,54.24,53.66,54.48,53.58,-
20-Jan-19,53.65,53.97,54.05,53.59,-
18-Jan-19,53.8,52.23,53.92,52.09,193.1
17-Jan-19,52.07,52.3,52.58,50.98,288.56
16-Jan-19,52.31,52,52.52,51.26,694.18
15-Jan-19,52.11,50.78,52.3,50.64,664.18
14-Jan-19,50.51,51.73,52.11,50.38,791.53
11-Jan-19,51.59,52.28,53.31,51.18,812.34
10-Jan-19,52.59,52.18,52.78,51.37,821.78
9-Jan-19,52.36,49.8,52.58,49.71,891.92
8-Jan-19,49.78,48.73,49.95,48.31,765.98
7-Jan-19,48.52,48.3,49.79,48.11,819.94
4-Jan-19,47.96,46.9,49.22,46.65,817.28
3-Jan-19,47.09,46.26,47.49,45.35,788.72
2-Jan-19,46.54,45.8,47.78,44.35,850.48
1-Jan-19,45.89,45.77,45.95,45.73,-
31-Dec-18,45.41,45.22,46.53,44.73,476.97
28-Dec-18,45.33,45.44,46.22,44.42,564.39
27-Dec-18,44.61,46.58,46.7,44.37,665.59
26-Dec-18,46.22,42.85,47,42.52,698.41
25-Dec-18,43.16,43,43.25,42.88,-
24-Dec-18,42.53,45.45,46.24,42.36,415.86
21-Dec-18,45.59,46.25,46.77,45.13,694
20-Dec-18,45.88,47.39,47.51,45.67,794.13
19-Dec-18,47.2,45.93,48,45.93,37.16
18-Dec-18,46.24,49.16,49.59,45.79,120.1
17-Dec-18,49.88,51.25,51.87,49.01,211.26
14-Dec-18,51.2,52.83,52.95,50.84,526.84
13-Dec-18,52.58,51.2,53.27,50.35,733.63
12-Dec-18,51.15,51.95,52.88,50.94,730.81
11-Dec-18,51.65,50.89,52.43,50.7,665.26
10-Dec-18,51,52.03,52.81,50.53,733.23
7-Dec-18,52.61,51.76,54.22,50.6,987.72
6-Dec-18,51.49,52.93,53.3,50.08,987.27
5-Dec-18,52.89,52.59,54.44,52.16,624.91
4-Dec-18,53.25,53.13,54.55,52.43,738.13
3-Dec-18,52.95,52.45,53.85,52.03,758.01
30-Nov-18,50.93,51.27,51.79,49.65,796.71
29-Nov-18,51.45,50.31,52.2,49.41,812.72
28-Nov-18,50.29,52.09,52.56,50.06,831.69
27-Nov-18,51.56,51.54,52.38,50.3,764.01
26-Nov-18,51.63,50.62,52.25,50.1,663.11
23-Nov-18,50.42,54.66,54.82,50.15,1010
22-Nov-18,54.02,54.64,54.82,53.53,-
21-Nov-18,54.63,53.39,55.86,53.39,734.28
20-Nov-18,53.43,57.39,57.44,52.77,983.12
19-Nov-18,56.76,56.72,57.33,55.08,33.58
16-Nov-18,56.46,56.58,57.96,55.89,159
15-Nov-18,56.46,56.02,57.26,55.59,256.5
14-Nov-18,56.25,55.27,57.37,55.13,844.7
13-Nov-18,55.69,58.88,59.35,54.75,1100
12-Nov-18,59.93,60.7,61.28,58.68,806.22
9-Nov-18,60.19,60.75,60.79,59.26,821.73
8-Nov-18,60.67,61.64,62.42,60.4,764.55
7-Nov-18,61.67,61.74,63.18,61.2,866.63
6-Nov-18,62.21,62.7,63.32,61.31,761.24
5-Nov-18,63.1,62.99,64.14,62.52,609.13
2-Nov-18,63.14,63.5,63.95,62.63,708.91
1-Nov-18,63.69,64.88,65.39,63.11,790.29
31-Oct-18,65.31,66.32,67,64.81,666.49
30-Oct-18,66.18,66.68,67.26,65.33,680.44
29-Oct-18,67.04,67.55,67.95,66.29,477.49
26-Oct-18,67.59,66.95,67.88,66.2,595.21
25-Oct-18,67.33,66.36,67.65,65.99,573.1
24-Oct-18,66.82,66.17,67.72,66.05,775.96
23-Oct-18,66.43,69.55,69.66,65.74,853.27
22-Oct-18,69.17,69.41,69.65,68.27,27.42
19-Oct-18,69.12,68.68,69.77,68.56,108.31
18-Oct-18,68.65,70.03,70.03,68.47,215.34
17-Oct-18,69.75,72.17,72.43,69.43,651.58
16-Oct-18,71.92,71.72,72.29,71.02,535
15-Oct-18,71.78,71.85,72.7,70.85,568.61
12-Oct-18,71.34,70.99,72.01,70.64,626.67
11-Oct-18,70.97,72.68,72.76,70.51,783.96
10-Oct-18,73.17,74.66,75.08,72.38,652.74
9-Oct-18,74.96,74.21,75.28,74,623.54
8-Oct-18,74.29,74.4,74.58,73.07,554.94
5-Oct-18,74.34,74.67,75.22,73.83,613.22
4-Oct-18,74.33,76.18,76.47,73.88,687.95
3-Oct-18,76.41,75.12,76.9,74.3,698.82
2-Oct-18,75.23,75.42,75.91,74.93,463.62
1-Oct-18,75.3,73.29,75.77,72.95,601.45
28-Sep-18,73.25,72.18,73.73,71.88,544.05
27-Sep-18,72.12,72.01,72.6,71.71,454.55
26-Sep-18,71.57,72.09,72.38,71.47,464.46
25-Sep-18,72.28,72.25,72.78,71.89,551.28
24-Sep-18,72.08,71.14,72.74,71.14,576.89
21-Sep-18,70.78,70.2,71.8,69.98,855.94
20-Sep-18,70.8,71.39,71.81,70.73,28.4
19-Sep-18,71.12,69.71,71.5,69.65,125.21
18-Sep-18,69.85,68.8,70.42,68.53,234.2
17-Sep-18,68.91,68.93,69.72,68.53,422.29
14-Sep-18,68.99,68.79,69.91,67.94,611.08
13-Sep-18,68.59,70.24,70.28,68.35,684.94
12-Sep-18,70.37,69.89,71.26,69.5,800.54
11-Sep-18,69.25,67.53,70.01,67.48,676.87
10-Sep-18,67.54,67.82,68.52,67.33,571.17
7-Sep-18,67.75,67.88,68.08,66.86,530.9
6-Sep-18,67.77,68.64,69.02,67,633.82
5-Sep-18,68.72,69.43,69.59,68.56,542.1
4-Sep-18,69.87,69.89,71.4,69.08,785.98
3-Sep-18,70.12,69.91,70.2,69.54,-
2-Sep-18,69.92,69.91,69.99,69.88,-
31-Aug-18,69.8,70.06,70.36,69.64,419.74
30-Aug-18,70.25,69.71,70.5,69.55,445.58
29-Aug-18,69.51,68.54,69.76,68.37,497.1
28-Aug-18,68.53,68.93,69.2,68.21,426.83
27-Aug-18,68.87,68.57,68.97,68.34,332.61
24-Aug-18,68.72,67.9,69.31,67.78,517.8
23-Aug-18,67.83,68.07,68.12,67.32,450.69
22-Aug-18,67.86,66.08,68.15,65.98,581.9
21-Aug-18,67.35,66.62,68.1,66.52,27.15
20-Aug-18,66.43,65.91,66.68,65.59,112.71
17-Aug-18,65.91,65.47,66.39,65.3,171.4
16-Aug-18,65.46,64.95,65.52,64.43,383.38
15-Aug-18,65.01,66.62,66.9,64.51,573.47
14-Aug-18,67.04,67.42,68.37,66.58,538.48
13-Aug-18,67.2,67.78,67.95,65.71,578.22
10-Aug-18,67.63,66.74,67.87,66.14,524.49
9-Aug-18,66.81,66.79,67.41,66.49,509.4
8-Aug-18,66.94,69.09,69.37,66.32,760.31
7-Aug-18,69.17,68.9,69.83,68.81,485.03
6-Aug-18,69.01,68.65,69.92,68.5,495.61
3-Aug-18,68.49,68.99,69.24,67.87,476.62
2-Aug-18,68.96,67.86,69.36,66.92,531.07
1-Aug-18,67.66,68.43,68.52,67.31,576.56
31-Jul-18,68.76,70.05,70.22,67.98,519.07
30-Jul-18,70.13,69.01,70.43,68.8,463.01
27-Jul-18,68.69,69.58,69.77,68.26,460.45
26-Jul-18,69.61,69.38,69.92,68.92,489.06
25-Jul-18,69.3,68.77,69.7,68.2,622.91
24-Jul-18,68.52,67.8,69.05,67.56,524.59
23-Jul-18,67.89,68.17,69.31,67.6,555.92
20-Jul-18,70.46,69.39,71.1,69.37,25.56
19-Jul-18,69.46,69,70.17,67.8,103.22
18-Jul-18,68.76,67.61,69.06,67.04,187.31
17-Jul-18,68.08,68.03,68.44,67.03,440.73
16-Jul-18,68.06,70.52,70.87,67.58,530.48
13-Jul-18,71.01,70.38,71.66,69.84,530.28
12-Jul-18,70.33,70.6,71.24,69.23,707.89
11-Jul-18,70.38,74.2,74.26,70.02,861.73
10-Jul-18,74.11,74.04,74.7,73.65,586.83
9-Jul-18,73.85,73.87,74.28,72.99,533
6-Jul-18,73.8,73.16,74.01,72.14,611.42
5-Jul-18,72.94,74.23,74.9,72.53,841.63
4-Jul-18,74.13,74.62,74.76,73.52,-
3-Jul-18,74.14,74.08,75.27,72.73,667.24
2-Jul-18,73.94,73.62,74.35,72.51,652.17
29-Jun-18,74.15,73.33,74.46,72.93,602.4
28-Jun-18,73.45,72.27,74.03,72.2,717.35
27-Jun-18,72.76,70.68,73.06,70.56,775.16
26-Jun-18,70.53,68.21,70.91,67.72,848.54
25-Jun-18,68.08,68.75,69.44,67.78,816.21
22-Jun-18,68.58,65.93,69.38,65.71,1140
21-Jun-18,65.54,65.34,66.22,64.34,760.72
20-Jun-18,66.22,65.11,66.53,65.01,30.65
19-Jun-18,65.07,65.82,65.9,64.39,122.65
18-Jun-18,65.85,64.4,65.98,63.59,218.93
15-Jun-18,65.06,67,67.09,64.29,512.59
14-Jun-18,66.89,66.62,67.16,66.36,460.17
13-Jun-18,66.64,66.01,66.89,65.52,626.4
12-Jun-18,66.36,66.05,66.7,65.87,524.41
11-Jun-18,66.1,65.56,66.35,64.85,558.28
8-Jun-18,65.74,65.98,66.24,65.15,571.22
7-Jun-18,65.95,65.07,66.07,64.81,675.04
6-Jun-18,64.73,65.51,65.96,64.27,708.83
5-Jun-18,65.52,64.94,65.57,64.22,714.67
4-Jun-18,64.75,65.71,66.04,64.57,696.05
1-Jun-18,65.81,67.07,67.34,65.51,781.1
31-May-18,67.04,68.24,68.3,66.56,917.56
30-May-18,68.21,66.85,68.67,66.35,726.89
29-May-18,66.73,67.55,67.55,65.8,1060
28-May-18,67.05,67.39,67.41,65.81,-
27-May-18,67.36,67.44,67.48,67.02,-
25-May-18,67.88,70.65,70.8,67.42,955.35
24-May-18,70.71,71.83,72,70.52,640.73
23-May-18,71.84,72.11,72.26,71.19,702.79
22-May-18,72.13,72.53,72.83,71.9,31.97
21-May-18,72.24,71.47,72.59,71.25,119.89
18-May-18,71.28,71.6,71.75,70.99,211.79
17-May-18,71.49,71.56,72.3,71.09,562.64
16-May-18,71.49,71.02,71.59,70.66,574.28
15-May-18,71.31,71.15,71.92,70.42,815.29
14-May-18,70.96,70.54,71.26,70.26,592.83
11-May-18,70.7,71.45,71.63,70.45,634.15
10-May-18,71.36,71.23,71.89,70.56,749.81
9-May-18,71.14,70.05,71.36,69.85,863.39
8-May-18,69.06,70.03,70.4,67.63,1250
7-May-18,70.73,69.85,70.84,69.51,758.92
4-May-18,69.72,68.5,69.97,68.12,690.88
3-May-18,68.43,67.68,68.6,67.21,691.22
2-May-18,67.93,67.49,68.14,66.92,789.37
1-May-18,67.25,68.56,68.9,66.85,694.77
30-Apr-18,68.57,68.15,69.34,67.17,755.19
27-Apr-18,68.1,68.21,68.36,67.64,542.55
26-Apr-18,68.19,68.03,68.78,67.71,660.55
25-Apr-18,68.05,67.75,68.18,67.11,764.05
24-Apr-18,67.7,68.95,69.38,67.54,832.3
23-Apr-18,68.64,68.22,69.03,67.14,740.94
20-Apr-18,68.38,68.26,68.62,67.5,32.95
19-Apr-18,68.29,68.75,69.56,67.98,125.99
18-Apr-18,68.47,66.68,68.91,66.56,221.66
17-Apr-18,66.52,66.42,66.75,65.56,486.08
16-Apr-18,66.22,67.24,67.74,66.13,560.08
13-Apr-18,67.39,67.18,67.76,66.7,624.2
12-Apr-18,67.07,66.75,67.33,66,687.47
11-Apr-18,66.82,65.59,67.45,65.15,963.02
10-Apr-18,65.51,63.3,65.86,63.2,840.28
9-Apr-18,63.42,62,63.61,61.93,655.83
6-Apr-18,62.06,63.7,63.79,61.81,753.26
5-Apr-18,63.54,63.6,64.12,63.07,588.6
4-Apr-18,63.37,63.59,63.64,62.06,760.6
3-Apr-18,63.51,62.89,63.86,62.86,527.29
2-Apr-18,63.01,64.91,65.42,62.8,582.74
29-Mar-18,64.94,64.69,65.26,64.16,562.82
28-Mar-18,64.38,64.7,65.13,63.72,697.68
27-Mar-18,65.25,65.53,66.41,64.53,670.81
26-Mar-18,65.55,65.9,66.55,65.08,585.9
23-Mar-18,65.88,64.28,66,64.11,752.99
22-Mar-18,64.3,65.5,65.74,64.14,689.17
21-Mar-18,65.17,63.72,65.55,63.58,763.77
20-Mar-18,63.4,62.1,63.81,62.08,36.06
19-Mar-18,62.06,62.23,62.35,61.36,115.96
16-Mar-18,62.34,61.19,62.54,61.08,202.49
15-Mar-18,61.19,60.95,61.54,60.82,430.2
14-Mar-18,60.96,60.87,61.33,60.11,665.02
13-Mar-18,60.71,61.37,61.97,60.27,747.74
12-Mar-18,61.36,62.1,62.33,60.67,537.99
9-Mar-18,62.04,60.27,62.18,60.14,659.72
8-Mar-18,60.12,61.33,61.4,59.95,720.51
7-Mar-18,61.15,62.3,62.58,60.58,879.12
6-Mar-18,62.6,62.58,63.28,62.17,634.95
5-Mar-18,62.57,61.55,62.79,61.1,599.27
2-Mar-18,61.25,61.34,61.6,60.13,613.51
1-Mar-18,60.99,61.55,61.83,60.18,812.51
28-Feb-18,61.64,62.79,63.44,61.36,768.41
27-Feb-18,63.01,64.06,64.08,62.64,562.67
26-Feb-18,63.91,63.6,64.24,63.06,469.85
23-Feb-18,63.55,62.6,63.73,62.33,460.6
22-Feb-18,62.77,61.34,63.09,60.75,592.6
21-Feb-18,61.68,61.63,61.86,60.92,466.92
20-Feb-18,61.9,61.63,62.74,61.58,50.21
19-Feb-18,62.38,61.71,62.49,61.67,-
18-Feb-18,61.72,61.51,61.74,61.51,-
16-Feb-18,61.68,61.45,61.99,60.88,181.18
15-Feb-18,61.34,60.71,61.64,59.72,340.4
14-Feb-18,60.6,58.98,60.9,58.2,650.32
13-Feb-18,59.19,59.35,59.73,58.39,580.6
12-Feb-18,59.29,59.12,60.83,59.1,736.92
9-Feb-18,59.2,60.43,60.77,58.07,933.31
8-Feb-18,61.15,61.7,62.09,60.27,929.58
7-Feb-18,61.79,63.92,64.18,61.25,1030
6-Feb-18,63.39,63.43,64.29,63.12,797.81
5-Feb-18,64.15,65.1,65.4,63.42,891.06
2-Feb-18,65.45,65.99,66.3,64.47,857.57
1-Feb-18,65.8,64.76,66.25,64.63,685.75
31-Jan-18,64.73,64.03,64.94,63.67,613.26
30-Jan-18,64.5,65.53,65.56,63.89,688.38
29-Jan-18,65.56,66.18,66.46,64.98,656.17
26-Jan-18,66.14,65.25,66.35,64.91,678.19
25-Jan-18,65.51,65.88,66.66,65.08,771.76
24-Jan-18,65.61,64.42,66.05,64.34,887.02
23-Jan-18,64.47,63.88,64.88,63.7,662.46
22-Jan-18,63.49,63.61,64.14,63.17,40.06
19-Jan-18,63.37,63.74,63.77,62.85,142.71
18-Jan-18,63.95,64.07,64.35,63.47,204.5
17-Jan-18,63.97,63.89,64.17,63.31,444.38
16-Jan-18,63.73,64.43,64.89,63.39,867.77
15-Jan-18,64.73,64.28,64.89,64.11,-
14-Jan-18,64.28,64.42,64.44,64.19,-
12-Jan-18,64.3,63.57,64.5,63.06,678.73
11-Jan-18,63.8,63.5,64.77,63.43,876.64
10-Jan-18,63.57,63.41,63.67,63.09,697.84
9-Jan-18,62.96,61.92,63.48,61.8,844.72
8-Jan-18,61.73,61.61,61.97,61.34,616.47
5-Jan-18,61.44,61.9,62.04,61.09,563.04
4-Jan-18,62.01,61.96,62.21,61.59,654.36
3-Jan-18,61.63,60.39,61.97,60.28,673.86
2-Jan-18,60.37,60.2,60.74,60.1,510.31
1-Jan-18,60.24,60.26,60.28,60.15,-
29-Dec-17,60.42,59.91,60.51,59.82,464.48
28-Dec-17,59.84,59.53,59.94,59.44,345.96
27-Dec-17,59.64,59.79,59.93,59.33,402.4
26-Dec-17,59.97,58.4,60.01,58.32,437.79
25-Dec-17,58.59,58.41,58.62,58.38,-
22-Dec-17,58.47,58.21,58.5,57.87,324.55
21-Dec-17,58.36,58.02,58.38,57.63,405.32
20-Dec-17,58.09,57.66,58.12,57.44,420.84
19-Dec-17,57.46,57.3,57.64,57.16,36.29
18-Dec-17,57.16,57.37,57.78,56.82,137.15
15-Dec-17,57.3,57.15,57.49,56.94,210.05
14-Dec-17,57.04,56.7,57.22,56.09,580.57
13-Dec-17,56.6,57.45,57.83,56.55,658.14
12-Dec-17,57.14,58.02,58.56,56.85,826.49
11-Dec-17,57.99,57.25,58.08,56.91,606.72
8-Dec-17,57.36,56.65,57.79,56.54,681.6
7-Dec-17,56.69,56,56.78,55.82,557.33
6-Dec-17,55.96,57.45,57.57,55.87,678.99
5-Dec-17,57.62,57.48,57.92,57.08,499.25
4-Dec-17,57.47,58.32,58.34,57.35,529.97
1-Dec-17,58.36,57.42,58.88,57.29,685.22
30-Nov-17,57.4,57.41,57.98,56.82,735.13
29-Nov-17,57.3,57.73,58.3,56.75,741.56
28-Nov-17,57.99,57.86,58.11,57.42,546.53
27-Nov-17,58.11,58.95,58.99,57.55,690.08
24-Nov-17,58.95,58.05,59.05,57.75,577.83
23-Nov-17,58.38,57.97,58.58,57.76,-
22-Nov-17,58.02,57.12,58.15,57.03,837.41
21-Nov-17,56.83,56.38,57.22,56.32,619.07
20-Nov-17,56.09,56.69,56.76,55.57,37.7
17-Nov-17,56.55,55.25,56.68,55.18,184.94
16-Nov-17,55.14,55.3,55.62,54.93,213.92
15-Nov-17,55.33,55.06,55.56,54.88,501.39
14-Nov-17,55.7,56.72,56.77,54.81,707.34
13-Nov-17,56.76,56.9,57.15,56.3,631.62
10-Nov-17,56.74,57.02,57.35,56.55,541.3
9-Nov-17,57.17,56.85,57.53,56.69,666.95
8-Nov-17,56.81,56.96,57.92,56.41,919.15
7-Nov-17,57.2,57.27,57.69,56.83,750.19
6-Nov-17,57.35,55.97,57.61,55.66,861.71
3-Nov-17,55.64,54.73,55.76,54.4,614.16
2-Nov-17,54.54,54.28,54.84,53.99,482.85
1-Nov-17,54.3,54.65,55.22,53.89,671.04
31-Oct-17,54.38,54.08,54.85,53.93,497.3
30-Oct-17,54.15,54.16,54.46,53.75,565.04
27-Oct-17,53.9,52.8,54.2,52.25,730.92
26-Oct-17,52.64,52.19,52.86,51.91,594.65
25-Oct-17,52.18,52.56,52.57,51.89,681.74
24-Oct-17,52.47,51.89,52.62,51.55,709.55
23-Oct-17,51.9,52.07,52.3,51.68,583.56
20-Oct-17,51.47,51.42,51.73,50.7,32.96
19-Oct-17,51.29,52.05,52.17,51.07,127.41
18-Oct-17,52.04,51.94,52.33,51.69,152.62
17-Oct-17,51.88,51.93,52.25,51.21,471.61
16-Oct-17,51.87,51.43,52.37,51.35,520.73
13-Oct-17,51.45,50.73,51.72,50.7,667.5
12-Oct-17,50.6,51,51.13,50.15,729.27
11-Oct-17,51.3,50.94,51.42,50.61,651.95
10-Oct-17,50.92,49.55,51.06,49.54,664.84
9-Oct-17,49.58,49.25,49.79,49.13,505.08
6-Oct-17,49.29,50.75,50.82,49.1,743.11
5-Oct-17,50.79,49.88,51.22,49.85,654.39
4-Oct-17,49.98,50.16,50.67,49.76,598.84
3-Oct-17,50.42,50.59,50.73,50.14,462.74
2-Oct-17,50.58,51.64,51.71,50.07,600.93
29-Sep-17,51.67,51.58,51.77,51.25,551.98
28-Sep-17,51.56,52.05,52.86,51.22,801.82
27-Sep-17,52.14,52.09,52.34,51.63,637.04
26-Sep-17,51.88,52.12,52.43,51.43,709.52
25-Sep-17,52.22,50.68,52.28,50.39,701.24
22-Sep-17,50.66,50.73,50.78,50.29,473.8
21-Sep-17,50.55,50.72,50.81,50.07,580.57
20-Sep-17,50.41,49.84,50.65,49.75,35.49
19-Sep-17,49.48,49.91,50.42,49.33,143.38
18-Sep-17,49.91,49.85,50.33,49.19,189.61
15-Sep-17,49.89,49.72,50.13,49.41,433.6
14-Sep-17,49.89,49.31,50.5,49.15,709.04
13-Sep-17,49.3,48.34,49.4,48.12,706.93
12-Sep-17,48.23,48.12,48.44,47.73,676.04
11-Sep-17,48.07,47.58,48.27,47,774.47
8-Sep-17,47.48,49.09,49.26,47.27,843.76
7-Sep-17,49.09,49.14,49.33,48.63,702.51
6-Sep-17,49.16,48.59,49.42,48.52,788.96
5-Sep-17,48.66,47.28,48.98,47.15,1030
4-Sep-17,47.41,47.31,47.66,47.16,-
3-Sep-17,47.32,47.31,47.42,47.3,-
1-Sep-17,47.29,47.08,47.35,46.56,742.81
31-Aug-17,47.23,45.95,47.47,45.58,915.71
30-Aug-17,45.96,46.31,46.72,45.84,882.98
29-Aug-17,46.44,46.86,46.96,45.76,895.64
28-Aug-17,46.57,47.89,48.2,46.15,921.29
25-Aug-17,47.87,47.62,47.91,47.39,646.52
24-Aug-17,47.43,48.36,48.43,47.06,831.36
23-Aug-17,48.41,47.64,48.5,47.53,701.69
22-Aug-17,47.64,47.45,48.03,47.2,38.4
21-Aug-17,47.37,48.72,48.75,47.03,129.19
18-Aug-17,48.51,46.93,48.74,46.78,253.07
17-Aug-17,47.09,46.8,47.19,46.46,608.31
16-Aug-17,46.78,47.72,47.99,46.67,815.54
15-Aug-17,47.55,47.49,47.9,47.02,770.36
14-Aug-17,47.59,48.79,49.16,47.43,763.24
11-Aug-17,48.82,48.52,48.98,47.98,804.24
10-Aug-17,48.59,49.68,50.22,48.35,1140
9-Aug-17,49.56,49,49.72,48.9,858.25
8-Aug-17,49.17,49.31,49.79,48.86,924.24
7-Aug-17,49.39,49.59,49.73,48.54,831.37
4-Aug-17,49.58,48.95,49.64,48.5,745.66
3-Aug-17,49.03,49.59,49.96,48.78,837.76
2-Aug-17,49.59,48.8,49.65,48.55,847.72
1-Aug-17,49.16,50.21,50.43,48.37,1010
31-Jul-17,50.17,49.85,50.41,49.18,781.54
28-Jul-17,49.71,49.17,49.81,48.86,771.23
27-Jul-17,49.04,48.7,49.24,48.25,880.76
26-Jul-17,48.75,48.51,48.87,47.86,887.86
25-Jul-17,47.89,46.46,48.66,46.38,885.7
24-Jul-17,46.34,45.62,46.53,45.4,707.91
21-Jul-17,45.77,46.91,47.21,45.54,769.44
20-Jul-17,46.79,47.09,47.55,46.66,23.24
19-Jul-17,47.12,46.25,47.26,46.14,140.68
18-Jul-17,46.4,45.99,46.92,45.81,208.42
17-Jul-17,46.02,46.68,46.88,45.89,560.63
14-Jul-17,46.54,46.08,46.74,45.8,742.9
13-Jul-17,46.08,45.44,46.28,44.99,748.97
12-Jul-17,45.49,45.74,46.48,45.11,963.51
11-Jul-17,45.04,44.58,45.81,43.83,1010
10-Jul-17,44.4,44.35,44.84,43.65,848.57
7-Jul-17,44.23,45.35,45.42,43.78,975.91
6-Jul-17,45.52,45.65,46.53,45.18,969.68
5-Jul-17,45.13,47.04,47.32,44.51,1170
4-Jul-17,47.13,47.06,47.31,46.74,-
3-Jul-17,47.07,46.28,47.1,45.92,517.62
30-Jun-17,46.04,44.89,46.35,44.88,677.41
29-Jun-17,44.93,44.89,45.45,44.65,768.95
28-Jun-17,44.74,43.7,44.9,43.67,753.38
27-Jun-17,44.24,43.49,44.44,43.32,759.12
26-Jun-17,43.38,43.16,43.65,42.63,661.35
23-Jun-17,43.01,42.8,43.2,42.53,690.91
22-Jun-17,42.74,42.55,43.32,42.26,668.83
21-Jun-17,42.53,43.38,44.2,42.05,1070
20-Jun-17,43.23,44.11,44.4,42.75,29.57
19-Jun-17,44.2,44.68,45.06,44.05,123.94
16-Jun-17,44.74,44.25,44.94,44.24,191.82
15-Jun-17,44.46,44.69,44.81,44.22,500.94
14-Jun-17,44.73,45.94,46.49,44.54,924.41
13-Jun-17,46.46,46.01,46.57,45.56,783.32
12-Jun-17,46.08,45.8,46.71,45.66,666.77
9-Jun-17,45.83,45.71,46.18,45.27,735.93
8-Jun-17,45.64,45.85,46.18,45.2,927.7
7-Jun-17,45.72,47.98,48.23,45.65,1180
6-Jun-17,48.19,47.4,48.4,46.94,825.06
5-Jun-17,47.4,47.71,48.42,46.86,710.2
2-Jun-17,47.66,48.04,48.19,46.74,802.66
1-Jun-17,48.36,48.63,49.17,47.9,774.48
31-May-17,48.32,49.65,49.71,47.73,779.14
30-May-17,49.66,49.93,50.28,49.03,663.49
29-May-17,49.97,49.95,50.29,49.52,-
28-May-17,49.94,49.93,50.04,49.85,-
26-May-17,49.8,48.75,49.94,48.18,763.92
25-May-17,48.9,51.25,52,48.45,1150
24-May-17,51.36,51.44,51.88,51.03,736.34
23-May-17,51.47,51.04,51.79,50.57,584.14
22-May-17,50.73,50.6,51.06,50.44,30.01
19-May-17,50.33,49.28,50.53,49.28,146.45
18-May-17,49.35,48.93,49.6,48.05,242.75
17-May-17,49.07,48.23,49.5,48.03,650.11
16-May-17,48.66,48.82,49.38,48.17,589.21
15-May-17,48.85,47.85,49.66,47.75,687.15
12-May-17,47.84,47.81,48.07,47.35,537.49
11-May-17,47.83,47.39,48.22,47.34,661.78
10-May-17,47.33,46.18,47.78,46.01,819.8
9-May-17,45.88,46.49,46.78,45.53,701.94
8-May-17,46.43,46.35,46.98,45.73,785.06
5-May-17,46.22,45.51,46.68,43.76,1020
4-May-17,45.52,47.6,47.75,45.29,943.96
3-May-17,47.82,48.12,48.23,47.3,691.32
2-May-17,47.66,48.78,49.28,47.35,702.38
1-May-17,48.84,49.17,49.32,48.59,364.39
28-Apr-17,49.33,49.27,49.76,48.8,633.99
27-Apr-17,48.97,49.22,49.43,48.2,771.19
26-Apr-17,49.62,49.36,50.2,48.94,655.72
25-Apr-17,49.56,49.22,49.83,48.87,587.24
24-Apr-17,49.23,49.68,50.22,49.03,517.9
21-Apr-17,49.62,50.71,50.93,49.2,687.47
20-Apr-17,50.27,50.63,50.97,50.18,33.75
19-Apr-17,50.44,52.36,52.65,50.09,133.17
18-Apr-17,52.41,52.75,52.85,52.1,202.04
17-Apr-17,52.65,52.97,53.21,52.55,326.34
13-Apr-17,53.18,52.85,53.39,52.82,480.84
12-Apr-17,53.11,53.4,53.76,52.71,629.81
11-Apr-17,53.4,53.13,53.45,52.7,598
10-Apr-17,53.08,52.31,53.18,52.29,565.44
7-Apr-17,52.24,51.7,52.94,51.49,796.44
6-Apr-17,51.7,50.8,51.82,50.77,473.02
5-Apr-17,51.15,51.18,51.88,50.74,651.4
4-Apr-17,51.03,50.24,51.3,49.88,532.05
3-Apr-17,50.24,50.69,50.83,50.12,440.72
31-Mar-17,50.6,50.32,50.85,49.9,527.61
30-Mar-17,50.35,49.6,50.47,49.27,580.67
29-Mar-17,49.51,48.47,49.63,48.38,548.62
28-Mar-17,48.37,47.89,48.74,47.8,502.38
27-Mar-17,47.73,48.12,48.28,47.08,466.18
24-Mar-17,47.97,47.67,48.2,47.54,421.03
23-Mar-17,47.7,48.15,48.48,47.58,499.88
22-Mar-17,48.04,48.16,48.32,47.01,680.85
21-Mar-17,47.34,47.93,48.73,47.23,28.08
20-Mar-17,48.22,48.7,48.74,47.84,142.26
17-Mar-17,48.78,48.79,49.2,48.6,172.34
16-Mar-17,48.75,49.01,49.62,48.45,516.85
15-Mar-17,48.86,48.76,49.04,48.16,655.79
14-Mar-17,47.72,48.45,48.79,47.09,857.71
13-Mar-17,48.4,48.45,48.68,47.9,601.36
10-Mar-17,48.49,49.61,50.11,48.31,796.96
9-Mar-17,49.28,50.22,50.84,48.59,107
8-Mar-17,50.28,52.79,52.92,50.05,963.39
7-Mar-17,53.14,53.17,53.8,52.71,494.68
6-Mar-17,53.2,53.19,53.56,52.76,503.69
3-Mar-17,53.33,52.58,53.39,52.55,436.36
2-Mar-17,52.61,53.69,53.8,52.54,638.39
1-Mar-17,53.83,53.95,54.44,53.63,491.29
28-Feb-17,54.01,54.04,54.23,53.18,593.91
27-Feb-17,54.05,54.02,54.61,53.94,394.38
24-Feb-17,53.99,54.33,54.51,53.76,395.26
23-Feb-17,54.45,53.91,54.94,53.87,529.88
22-Feb-17,53.59,54.26,54.6,53.35,499.48
21-Feb-17,54.06,53.48,54.68,53.35,44.05
20-Feb-17,53.97,53.78,54.24,53.73,-
19-Feb-17,53.79,53.86,53.96,53.78,-
17-Feb-17,53.4,53.47,53.52,52.88,195.35
16-Feb-17,53.36,53.01,53.59,52.68,343.36
15-Feb-17,53.11,53,53.51,52.73,463.64
14-Feb-17,53.2,52.91,53.72,52.86,493.02
13-Feb-17,52.93,53.8,53.95,52.77,586.03
10-Feb-17,53.86,53.15,54.13,52.9,596.45
9-Feb-17,53,52.37,53.21,52.37,610.2
8-Feb-17,52.34,51.64,52.67,51.22,767.38
7-Feb-17,52.17,53.14,53.24,51.63,624.06
6-Feb-17,53.01,53.81,54.13,52.91,425.09
3-Feb-17,53.83,53.68,54.22,53.4,462.62
2-Feb-17,53.54,53.57,54.34,53.35,492.55
1-Feb-17,53.88,52.76,53.91,52.64,577.24
31-Jan-17,52.81,52.6,53.56,52.24,586.68
30-Jan-17,52.63,53.15,53.46,52.41,486.31
27-Jan-17,53.17,53.74,54.08,52.58,495.56
26-Jan-17,53.78,52.96,54.06,52.79,578.07
25-Jan-17,52.75,52.95,53.47,52.56,589.71
24-Jan-17,53.18,52.86,53.56,52.67,520.29
23-Jan-17,52.75,53.33,53.47,52.21,455.33
20-Jan-17,52.42,51.45,52.9,51.39,-
19-Jan-17,51.37,51.39,51.87,51.02,122.59
18-Jan-17,51.08,52.52,52.79,50.91,236.24
17-Jan-17,52.48,52.55,53.52,52.12,606.02
16-Jan-17,52.52,52.46,52.72,52.13,-
15-Jan-17,52.45,52.53,52.56,52.39,-
13-Jan-17,52.37,53.05,53.17,52.27,477.99
12-Jan-17,53.01,52.37,53.5,52.12,660.7
11-Jan-17,52.25,50.81,52.78,50.75,815.85
10-Jan-17,50.82,51.83,52.37,50.71,632.57
9-Jan-17,51.96,53.75,53.83,51.76,564.89
6-Jan-17,53.99,53.73,54.32,53.32,528.33
5-Jan-17,53.76,53.39,54.12,52.79,517.36
4-Jan-17,53.26,52.49,53.43,52.15,512.64
3-Jan-17,52.33,54.2,55.24,52.11,727.79
2-Jan-17,54.03,54.09,54.18,54.01,-
30-Dec-16,53.72,53.87,54.09,53.41,271.09
29-Dec-16,53.77,53.66,54.21,53.46,360.19
28-Dec-16,54.06,53.93,54.37,53.56,322.54
27-Dec-16,53.9,53.29,54.1,53.03,277.31
26-Dec-16,53.19,53.33,53.34,53.14,-
23-Dec-16,53.02,52.68,53.28,52.26,285.17
22-Dec-16,52.95,52.52,53.19,52.08,393.49
21-Dec-16,52.49,53.56,53.79,52.32,471.99
20-Dec-16,52.23,52.11,52.7,51.85,26.17
19-Dec-16,52.12,52.15,52.52,51.51,129.99
16-Dec-16,51.9,51.1,52.08,50.5,252.57
15-Dec-16,50.9,50.79,51.48,49.95,551.76
14-Dec-16,51.04,52.45,52.78,50.67,677.96
13-Dec-16,52.98,52.51,53.41,52.35,638.4
12-Dec-16,52.83,52.58,54.51,52.18,847.03
9-Dec-16,51.5,50.92,51.66,50.86,652.04
8-Dec-16,50.84,49.88,50.98,49.61,780.06
7-Dec-16,49.77,50.93,51.2,49.72,816.88
6-Dec-16,50.93,50.97,51.6,50.28,642.75
5-Dec-16,51.79,51.46,52.42,50.93,600.78
2-Dec-16,51.68,51.01,51.73,50.18,667.1
1-Dec-16,51.06,49.07,51.8,48.98,974.81
30-Nov-16,49.44,45.24,49.9,45.22,1310
29-Nov-16,45.23,46.88,46.98,44.82,732.82
28-Nov-16,47.08,45.43,47.65,45.14,734.38
25-Nov-16,46.06,47.97,48.26,45.88,465.98
24-Nov-16,47.98,48.03,48.26,47.8,-
23-Nov-16,47.96,47.94,48.43,47.4,556.86
22-Nov-16,48.03,48.37,49.2,47.17,826.21
21-Nov-16,47.49,45.83,47.8,45.77,34.92
18-Nov-16,45.69,44.93,45.77,44.55,155.65
17-Nov-16,45.42,45.37,46.58,44.88,284.87
16-Nov-16,45.57,45.77,46.41,45.03,658.17
15-Nov-16,45.81,43.76,46.09,43.55,706.18
14-Nov-16,43.32,43.2,43.81,42.2,704.77
11-Nov-16,43.41,44.35,44.63,43.03,631.14
10-Nov-16,44.66,45.31,45.64,44.25,686.34
9-Nov-16,45.27,44.82,45.95,43.07,946.51
8-Nov-16,44.98,44.97,45.39,44.41,669.64
7-Nov-16,44.89,44.45,45.01,44.11,605.73
4-Nov-16,44.07,44.63,44.87,43.57,736.69
3-Nov-16,44.66,45.48,45.9,44.37,540.44
2-Nov-16,45.34,46.32,46.47,44.96,674.32
1-Nov-16,46.67,46.77,47.35,46.2,834.99
31-Oct-16,46.86,48.25,48.74,46.63,649.24
28-Oct-16,48.7,49.61,49.81,48.42,550.08
27-Oct-16,49.72,49.22,50.06,49,543.17
26-Oct-16,49.18,49.31,50.1,48.87,679.32
25-Oct-16,49.96,50.49,50.93,49.27,553.78
24-Oct-16,50.52,50.85,50.98,49.62,623.4
21-Oct-16,50.85,50.66,51.02,50.21,551.3
20-Oct-16,50.43,51.4,51.58,50.25,24.86
19-Oct-16,51.6,50.77,51.93,50.69,132.43
18-Oct-16,50.29,50.04,50.78,49.76,192.8
17-Oct-16,49.94,50.23,50.58,49.47,418.72
14-Oct-16,50.35,50.58,51.14,49.9,519.43
13-Oct-16,50.44,50,50.59,49.36,740.68
12-Oct-16,50.18,50.84,51.17,49.89,533.88
11-Oct-16,50.79,51.1,51.54,50.39,765.61
10-Oct-16,51.35,49.57,51.6,49.15,686.07
7-Oct-16,49.81,50.59,50.74,49.4,618.81
6-Oct-16,50.44,49.65,50.63,49.33,547.92
5-Oct-16,49.83,49.26,49.97,49.1,520.07
4-Oct-16,48.69,48.65,49.26,48.26,513.71
3-Oct-16,48.81,48.04,49.02,47.78,458.02
30-Sep-16,48.24,47.76,48.3,47.04,496.52
29-Sep-16,47.83,47.2,48.32,46.6,702.65
28-Sep-16,47.05,44.96,47.45,44.35,1010
27-Sep-16,44.67,45.62,45.96,44.19,630.76
26-Sep-16,45.93,44.62,46.2,44.43,527.12
23-Sep-16,44.48,46.07,46.55,44.22,718.4
22-Sep-16,46.32,45.62,46.52,45.52,521.68
21-Sep-16,45.34,44.5,45.65,44.5,585.99
20-Sep-16,43.44,43.13,44.05,42.55,37.38
19-Sep-16,43.3,43.18,44.15,43.12,129.86
16-Sep-16,43.03,43.71,43.75,42.74,231.19
15-Sep-16,43.91,43.7,44.34,43.26,537.19
14-Sep-16,43.58,45,45.33,43.42,705.86
13-Sep-16,44.9,46.06,46.13,44.77,657.78
12-Sep-16,46.29,45.57,46.51,44.72,745.02
9-Sep-16,45.88,47.36,47.36,45.56,688.19
8-Sep-16,47.62,46.12,47.75,45.77,761.94
7-Sep-16,45.5,44.85,46.17,44.55,572.88
6-Sep-16,44.83,44.15,46.53,43.84,932.15
5-Sep-16,45.07,44.12,46.53,44.07,-
4-Sep-16,44.11,44.15,44.38,44.1,-
2-Sep-16,44.44,43.55,44.67,43.16,576.92
1-Sep-16,43.16,44.85,45.08,43,605
31-Aug-16,44.7,46.24,46.41,44.51,549.01
30-Aug-16,46.35,46.98,47.49,46.21,464.45
29-Aug-16,46.98,47.22,47.28,46.62,309.25
26-Aug-16,47.64,47.37,48.46,46.94,558.34
25-Aug-16,47.33,46.8,47.46,46.42,458.82
24-Aug-16,46.77,47.59,47.74,46.45,603.5
23-Aug-16,48.1,47.39,48.32,46.59,623.9
22-Aug-16,47.05,48.4,48.4,46.75,36.53
19-Aug-16,48.52,48.33,48.75,47.93,162.44
18-Aug-16,48.22,46.9,48.38,46.63,229.28
17-Aug-16,46.79,46.37,46.95,45.84,563.35
16-Aug-16,46.58,45.59,46.73,45.34,550.44
15-Aug-16,45.74,44.74,45.93,44.38,522.53
12-Aug-16,44.49,43.46,44.78,43.31,536.08
11-Aug-16,43.49,41.48,43.86,41.1,682.24
10-Aug-16,41.71,42.74,43.39,41.42,676.15
9-Aug-16,42.77,42.83,43.52,42.47,624.7
8-Aug-16,43.02,41.99,43.39,41.81,562.53
5-Aug-16,41.8,41.84,42.1,41.06,550.19
4-Aug-16,41.93,41.16,42.08,40.43,598.84
3-Aug-16,40.83,39.7,41.2,39.19,655.19
2-Aug-16,39.51,40.08,40.91,39.26,534.51
1-Aug-16,40.06,41.35,41.88,39.82,533.02
29-Jul-16,41.6,41.12,41.67,40.57,478.76
28-Jul-16,41.14,41.93,42.22,41.04,447.91
27-Jul-16,41.92,42.66,43.2,41.68,537.39
26-Jul-16,42.92,43.07,43.39,42.36,461.32
25-Jul-16,43.13,44.2,44.37,42.97,389.84
22-Jul-16,44.19,44.6,44.97,43.74,428.41
21-Jul-16,44.75,45.65,46.09,44.52,432.97
20-Jul-16,44.94,44.59,45.25,43.69,29.39
19-Jul-16,44.65,45.23,45.67,44.53,128.13
18-Jul-16,45.24,46.12,46.14,44.86,211.39
15-Jul-16,45.95,45.52,46.33,45.05,430.26
14-Jul-16,45.68,45.14,45.8,44.95,573.76
13-Jul-16,44.75,46.58,46.71,44.56,686.25
12-Jul-16,46.8,44.58,46.93,44.51,658.26
11-Jul-16,44.76,45.07,45.77,44.42,533.66
8-Jul-16,45.41,45.19,45.97,44.77,583.08
7-Jul-16,45.14,47.88,48.25,44.87,710.89
6-Jul-16,47.43,46.83,47.95,45.92,607.66
5-Jul-16,46.6,49.11,49.35,46.33,609.19
4-Jul-16,48.65,49.01,49.35,48.54,-
3-Jul-16,49.01,49.14,49.22,48.94,-
1-Jul-16,48.99,48.38,49.3,47.9,405.19
30-Jun-16,48.33,49.55,49.62,48.17,508.74
29-Jun-16,49.88,48.06,50,47.98,511.48
28-Jun-16,47.85,46.59,48.18,46.54,498.85
27-Jun-16,46.33,47.81,47.96,45.83,504.61
24-Jun-16,47.64,50.3,50.45,46.7,649.45
23-Jun-16,50.11,49.08,50.23,49.08,401.89
22-Jun-16,49.13,50.22,50.54,48.4,569.94
21-Jun-16,48.85,49.14,49.32,48.16,30.11
20-Jun-16,49.37,48.29,49.42,48.14,98.29
17-Jun-16,47.98,45.99,48.29,45.83,226.65
16-Jun-16,46.21,47.45,47.75,45.91,507.91
15-Jun-16,48.01,47.9,48.72,47.28,527.87
14-Jun-16,48.49,48.52,48.69,47.84,456.14
13-Jun-16,48.88,48.85,49.28,48.16,506.04
10-Jun-16,49.07,50.47,50.73,48.8,596.12
9-Jun-16,50.56,51.45,51.67,50.23,560.72
8-Jun-16,51.23,50.41,51.62,50.32,656.42
7-Jun-16,50.36,49.71,50.53,49.44,542.25
6-Jun-16,49.69,48.88,49.9,48.71,450.47
3-Jun-16,48.62,49.04,49.41,48.33,481.03
2-Jun-16,49.17,48.9,49.47,47.97,564.85
1-Jun-16,49.01,48.82,49.25,47.75,568.84
31-May-16,49.1,49.54,50.1,48.81,476.99
30-May-16,49.51,49.56,49.75,49.08,-
29-May-16,49.58,49.54,49.71,49.54,-
27-May-16,49.33,49.31,49.6,48.69,406.39
26-May-16,49.48,49.7,50.21,49.22,488.47
25-May-16,49.56,49.09,49.75,48.65,550.5
24-May-16,48.62,48.08,49.27,47.64,475.97
23-May-16,48.08,48.46,48.5,47.4,475.45
20-May-16,47.75,48.2,48.79,47.44,28.52
19-May-16,48.16,47.87,48.28,46.73,108.82
18-May-16,48.19,48.53,48.95,47.75,343.18
17-May-16,48.31,47.9,48.76,47.53,470.44
16-May-16,47.72,46.28,47.98,46.15,550.86
13-May-16,46.21,46.41,46.49,45.75,519.36
12-May-16,46.7,46,47.02,45.61,715.1
11-May-16,46.23,44.6,46.36,43.96,869.96
10-May-16,44.66,43.25,44.79,43.03,709.42
9-May-16,43.44,45,45.94,43.24,767.57
6-May-16,44.66,44.52,45.34,43.54,695.31
5-May-16,44.32,44.04,46.07,43.96,746.16
4-May-16,43.78,43.85,44.88,43.22,711.13
3-May-16,43.65,44.92,45.35,43.32,625.55
2-May-16,44.78,45.9,46.15,44.54,464.03
29-Apr-16,45.92,45.9,46.78,45.24,598.44
28-Apr-16,46.03,45.3,46.14,44.94,487.41
27-Apr-16,45.33,44.64,45.62,43.77,648.03
26-Apr-16,44.04,42.96,44.83,42.5,564.39
25-Apr-16,42.64,43.75,44.04,42.58,606.38
22-Apr-16,43.73,43.42,44.45,43.11,575.11
21-Apr-16,43.18,43.97,44.49,43.05,671.1
20-Apr-16,42.63,40.8,42.91,39.85,30.09
19-Apr-16,41.08,40.04,41.53,39.58,101.73
18-Apr-16,39.78,38.75,40.24,37.61,342.46
15-Apr-16,40.36,41.43,41.73,39.98,520.15
14-Apr-16,41.5,41.54,42.16,40.84,488.61
13-Apr-16,41.76,41.63,42.42,41.24,730.44
12-Apr-16,42.17,40.35,42.25,40.09,796.84
11-Apr-16,40.36,39.72,40.75,39.25,679.35
8-Apr-16,39.72,37.52,39.84,37.45,817.23
7-Apr-16,37.26,37.76,38.3,36.69,626.75
6-Apr-16,37.75,36.52,37.9,36.43,751.05
5-Apr-16,35.89,35.5,36.58,35.24,485.54
4-Apr-16,35.7,36.61,37.21,35.46,549.48
1-Apr-16,36.79,38.14,38.56,36.63,547.19
31-Mar-16,38.34,38.3,39.04,37.57,532.15
30-Mar-16,38.32,38.52,39.85,38.14,542.47
29-Mar-16,38.28,39.32,39.48,37.91,488.03
28-Mar-16,39.39,39.55,40.14,38.86,299.78
24-Mar-16,39.46,39.73,39.77,38.33,495.17
23-Mar-16,39.79,41.19,41.34,39.67,492
22-Mar-16,41.45,41.59,41.9,40.77,463.69
21-Mar-16,39.91,39.06,40.3,38.61,31.92
18-Mar-16,39.44,40.25,41.2,39.15,130.15
17-Mar-16,40.2,38.59,40.36,38.47,298.01
16-Mar-16,38.46,36.74,38.63,36.61,494.17
15-Mar-16,36.34,37.37,37.4,35.96,446.1
14-Mar-16,37.18,38.17,38.77,36.68,489.94
11-Mar-16,38.5,37.99,39.02,37.92,564.79
10-Mar-16,37.84,38.17,38.48,37.21,701.44
9-Mar-16,38.29,36.36,38.51,36.24,740.63
8-Mar-16,36.5,37.94,38.39,36.12,706.93
7-Mar-16,37.9,36.2,38.11,36.09,709.87
4-Mar-16,35.92,34.66,36.34,34.4,578.29
3-Mar-16,34.57,34.73,35.32,34.19,512.96
2-Mar-16,34.66,33.89,35.17,33.55,597.83
1-Mar-16,34.4,33.9,34.76,33.37,566.23
29-Feb-16,33.75,32.72,33.98,32.32,512.47
26-Feb-16,32.78,33.04,34.69,32.64,646.29
25-Feb-16,33.07,32.19,33.49,31.07,611.87
24-Feb-16,32.15,31.28,32.4,30.56,652.25
23-Feb-16,31.87,33.34,33.53,31.22,539.38
22-Feb-16,31.48,29.72,32.05,29.48,26.32
19-Feb-16,29.64,30.6,30.73,29.05,103.2
18-Feb-16,30.77,31.35,31.98,30.27,225.5
17-Feb-16,30.66,29.14,31.49,28.73,578.64
16-Feb-16,29.04,29.08,31.53,28.7,651.96
15-Feb-16,30.6,29.08,30.69,28.97,-
14-Feb-16,29.08,29.06,29.18,28.97,-
12-Feb-16,29.44,27.3,29.66,26.95,675.16
11-Feb-16,26.21,27.34,27.48,26.05,795.97
10-Feb-16,27.45,28.36,29.22,27.24,781.28
9-Feb-16,27.94,30.17,30.61,27.74,738.22
8-Feb-16,29.69,30.97,31.38,29.57,603.65
5-Feb-16,30.89,31.64,32.45,30.63,616.53
4-Feb-16,31.72,32.71,33.6,31.53,696.72
3-Feb-16,32.28,29.75,32.75,29.4,811.7
2-Feb-16,29.88,31.37,31.53,29.57,602.56
1-Feb-16,31.62,33.83,34.18,31.29,595.61
29-Jan-16,33.62,33.7,34.4,32.65,618.11
28-Jan-16,33.22,32.19,34.82,31.74,833.38
27-Jan-16,32.3,30.55,32.84,30.14,738.55
26-Jan-16,31.45,29.81,32.41,29.25,642.43
25-Jan-16,30.34,32.05,32.74,29.68,606.89
22-Jan-16,32.19,29.84,32.35,29.53,636.57
21-Jan-16,29.53,28.35,30.25,27.87,694.04
20-Jan-16,26.55,28.33,28.58,26.19,32.11
19-Jan-16,28.46,29.2,30.21,28.21,188.03
18-Jan-16,30.02,29.76,30.88,29.67,-
17-Jan-16,29.75,30.68,30.68,29.36,-
15-Jan-16,29.42,31.18,31.18,29.13,329.09
14-Jan-16,31.2,30.6,31.77,30.28,537.91
13-Jan-16,30.48,30.54,31.71,30.1,637.9
12-Jan-16,30.44,31.11,32.21,29.93,627.22
11-Jan-16,31.41,32.94,33.2,30.88,648.64
8-Jan-16,33.16,33.3,34.34,32.64,596.5
7-Jan-16,33.27,34.09,34.26,32.1,617.41
6-Jan-16,33.97,36.18,36.39,33.77,563.81
5-Jan-16,35.97,36.9,37.1,35.74,410.13
4-Jan-16,36.76,37.6,38.39,36.33,431.99
31-Dec-15,37.04,36.81,37.79,36.22,283.62
30-Dec-15,36.6,37.36,37.4,36.4,267.91
29-Dec-15,37.87,36.7,37.94,36.66,241.95
28-Dec-15,36.81,38,38.09,36.6,220.64
24-Dec-15,38.1,37.86,38.28,37.38,205.87
23-Dec-15,37.5,36.47,37.95,36.28,374.66
22-Dec-15,36.14,35.8,36.54,35.66,302.26
21-Dec-15,34.74,34.58,34.86,33.98,27.29
18-Dec-15,34.73,34.87,35.57,34.29,116.04
17-Dec-15,34.95,35.8,35.84,34.63,196.23
16-Dec-15,35.52,36.79,37.35,35.29,402.97
15-Dec-15,37.35,36.32,37.88,36.03,474.16
14-Dec-15,36.31,35.4,36.7,34.53,550.48
11-Dec-15,35.62,36.63,36.84,35.16,505.41
10-Dec-15,36.76,37.27,37.54,36.38,513.94
9-Dec-15,37.16,37.86,38.99,36.87,646.17
8-Dec-15,37.51,37.68,38.58,36.64,767.18
7-Dec-15,37.65,40.1,40.15,37.5,635.41
4-Dec-15,39.97,41.31,42,39.6,510.76
3-Dec-15,41.08,40.15,41.78,40.07,496.88
2-Dec-15,39.94,41.69,41.97,39.84,545.29
1-Dec-15,41.85,41.73,42.23,41.17,415.54
30-Nov-15,41.65,41.77,42.61,41.5,369.51
27-Nov-15,41.71,43.25,43.3,41.67,316.48
26-Nov-15,42.59,43.08,43.29,42.3,-
25-Nov-15,43.04,42.69,43.25,41.72,383.16
24-Nov-15,42.87,42.04,43.46,41.86,430.3
23-Nov-15,41.75,41.49,42.75,40.41,516.19
20-Nov-15,40.39,40.54,40.99,38.99,33.71
19-Nov-15,40.54,40.72,41.05,39.89,131.36
18-Nov-15,40.75,41.11,41.55,39.91,251.52
17-Nov-15,40.67,41.96,42.03,40.58,363.71
16-Nov-15,41.74,40.92,42.25,40.06,535.18
13-Nov-15,40.74,41.61,42.21,40.22,480.89
12-Nov-15,41.75,43.05,43.33,41.54,545.35
11-Nov-15,42.93,43.63,44.11,42.62,502.37
10-Nov-15,44.21,44.1,44.76,43.57,445.97
9-Nov-15,43.87,44.52,45.12,43.64,487.99
6-Nov-15,44.29,45.41,45.64,44.11,448.13
5-Nov-15,45.2,46.57,46.65,45.12,437.65
4-Nov-15,46.32,47.74,48.28,46.17,459.31
3-Nov-15,47.9,46.11,48.36,45.96,434.57
2-Nov-15,46.14,46.43,46.73,45.56,305.52
30-Oct-15,46.59,45.74,47.03,45.48,363.31
29-Oct-15,46.06,46.06,46.79,45.16,436.51
28-Oct-15,45.94,43.44,46.22,43.06,521.52
27-Oct-15,43.2,43.78,43.91,42.58,370.83
26-Oct-15,43.98,44.74,44.94,43.64,302.08
23-Oct-15,44.6,45.44,45.75,44.2,406.58
22-Oct-15,45.38,45.27,46.1,44.9,322.74
21-Oct-15,45.2,45.88,46.08,44.86,384.29
20-Oct-15,45.55,46.25,46.52,45.23,38.95
19-Oct-15,45.89,47.27,47.49,45.85,125.84
16-Oct-15,47.26,46.87,47.5,46.16,198.13
15-Oct-15,46.38,46.28,47.02,45.23,370.94
14-Oct-15,46.64,46.69,46.96,45.94,348.24
13-Oct-15,46.66,47.46,48.43,46.44,465.39
12-Oct-15,47.1,49.51,50.13,47.04,408.66
9-Oct-15,49.63,49.69,50.92,49.17,508.68
8-Oct-15,49.43,48.11,50.07,47.76,509.76
7-Oct-15,47.81,49,49.71,47.7,547.49
6-Oct-15,48.53,46.2,49.08,45.73,453.1
5-Oct-15,46.26,45.65,46.94,45.21,323.06
2-Oct-15,45.54,45.07,45.81,43.97,420.74
1-Oct-15,44.74,45.38,47.1,44.63,478.98
30-Sep-15,45.09,44.92,45.85,44.68,355.85
29-Sep-15,45.23,44.5,45.7,44.3,265.18
28-Sep-15,44.43,45.38,45.5,44.3,273.91
25-Sep-15,45.7,45.05,46.38,44.86,338.62
24-Sep-15,44.91,44.62,45.18,43.71,371.98
23-Sep-15,44.48,46.54,47.15,44.41,411.96
22-Sep-15,45.83,46.45,46.48,45.14,29.99
21-Sep-15,46.68,44.97,46.74,44.69,104.53
18-Sep-15,44.68,46.89,47.03,44.24,211.3
17-Sep-15,46.9,47.13,47.71,46.33,366.39
16-Sep-15,47.15,45.16,47.35,44.82,421.98
15-Sep-15,44.59,44.11,45.25,43.92,335.95
14-Sep-15,44,44.78,44.97,43.59,326.27
11-Sep-15,44.63,45.71,45.88,44.16,395.84
10-Sep-15,45.92,44.16,46.04,43.36,498.99
9-Sep-15,44.15,45.79,46.26,44.05,422.74
8-Sep-15,45.94,45.82,46.41,44.14,508.82
7-Sep-15,44.7,45.72,45.92,44.15,-
6-Sep-15,45.72,45.72,45.87,45.61,-
4-Sep-15,46.05,46.68,47.23,45.61,385.63
3-Sep-15,46.75,46.11,48.42,45.65,539.45
2-Sep-15,46.25,44.26,46.77,43.21,689.3
1-Sep-15,45.41,48.1,48.87,44.15,713.42
31-Aug-15,49.2,45,49.33,43.6,757.5
28-Aug-15,45.22,42.68,45.9,41.78,666.33
27-Aug-15,42.56,38.96,42.86,38.95,533.68
26-Aug-15,38.6,39.69,39.86,38.52,368.72
25-Aug-15,39.31,38.18,39.89,38.16,375.65
24-Aug-15,38.24,40.3,40.47,37.75,468.37
21-Aug-15,40.45,41.03,41.4,39.86,377.18
20-Aug-15,41.14,40.58,41.48,40.21,24.78
19-Aug-15,40.8,42.41,42.68,40.4,107.58
18-Aug-15,42.62,41.88,42.9,41.43,200.19
17-Aug-15,41.87,42.18,42.69,41.64,314.28
14-Aug-15,42.5,42.23,42.96,41.35,317.21
13-Aug-15,42.23,43.34,43.72,41.91,420.15
12-Aug-15,43.3,43.27,43.87,42.8,492.27
11-Aug-15,43.08,44.81,45.34,42.69,538.01
10-Aug-15,44.96,43.58,45.01,43.35,491.43
7-Aug-15,43.87,44.82,45.16,43.7,400.07
6-Aug-15,44.66,45.16,45.27,44.2,360.98
5-Aug-15,45.15,45.96,46.7,44.83,367.33
4-Aug-15,45.74,45.35,46.23,45.29,285.79
3-Aug-15,45.17,46.86,46.94,45.08,371.09
31-Jul-15,47.12,48.47,48.62,46.7,334.47
30-Jul-15,48.52,48.83,49.36,48.34,247.66
29-Jul-15,48.79,47.81,49.52,47.39,366.89
28-Jul-15,47.98,47.02,48.44,46.68,338.11
27-Jul-15,47.39,48,48.2,46.91,273.61
24-Jul-15,48.14,48.79,49.03,47.72,278.23
23-Jul-15,48.45,49.23,49.63,48.21,316.06
22-Jul-15,49.19,50.71,50.71,49.04,347.99
21-Jul-15,50.36,49.95,51.02,49.77,23.13
20-Jul-15,50.15,50.76,51.26,49.85,102.6
17-Jul-15,50.89,50.91,51.23,50.14,203.49
16-Jul-15,50.91,51.62,52.17,50.84,319.17
15-Jul-15,51.41,53.4,53.5,51.21,334.56
14-Jul-15,53.04,52,53.43,50.88,422.76
13-Jul-15,52.2,52.15,53.17,51.26,359.48
10-Jul-15,52.74,52.48,53.89,51.96,349.08
9-Jul-15,52.78,51.83,53.54,51.48,382.33
8-Jul-15,51.65,52.91,52.96,50.91,434.75
7-Jul-15,52.33,52.75,53.43,50.58,527.27
6-Jul-15,52.53,56.42,56.79,52.41,540.61
3-Jul-15,55.52,56.6,56.78,55.42,-
2-Jul-15,56.93,56.87,57.95,56.5,297.05
1-Jul-15,56.96,58.98,58.98,56.68,373.41
30-Jun-15,59.47,58.27,59.69,57.94,282.48
29-Jun-15,58.33,58.84,59.27,58.04,286.04
26-Jun-15,59.63,59.66,59.96,58.76,231.96
25-Jun-15,59.7,60.22,60.46,59.43,222.34
24-Jun-15,60.27,61.14,61.57,59.8,312.99
23-Jun-15,61.01,60.21,61.49,59.55,336.22
22-Jun-15,59.68,59.44,60.3,58.93,26.74
19-Jun-15,59.61,60.5,60.56,58.88,116.66
18-Jun-15,60.45,59.78,60.89,59.25,181.88
17-Jun-15,59.92,60.03,61.38,58.85,396.16
16-Jun-15,59.97,59.6,60.37,59.42,233.94
15-Jun-15,59.52,59.9,59.98,58.73,275.19
12-Jun-15,59.96,60.55,60.63,59.73,246.9
11-Jun-15,60.77,61.14,61.53,60.21,352.42
10-Jun-15,61.43,60.58,61.82,60.45,459.77
9-Jun-15,60.14,58.31,60.68,58.23,405.49
8-Jun-15,58.14,58.96,59.13,57.86,339.85
5-Jun-15,59.13,57.99,59.23,56.83,461.02
4-Jun-15,58,59.57,59.94,57.83,363.35
3-Jun-15,59.64,61.02,61.43,59.34,371.3
2-Jun-15,61.26,60.18,61.58,60.09,344.51
1-Jun-15,60.2,60.29,60.64,59.33,292.19
29-May-15,60.3,57.97,60.7,57.72,452.22
28-May-15,57.68,57.63,58.07,56.51,340.68
27-May-15,57.51,58.32,58.95,57.36,314.92
26-May-15,58.03,60.05,60.25,57.71,330.13
25-May-15,59.85,59.93,60.24,59.11,-
24-May-15,59.92,60.01,60.01,59.78,-
22-May-15,59.72,60.66,60.8,59.35,230.31
21-May-15,60.72,58.81,60.94,58.69,329.77
20-May-15,58.98,58.32,59.04,58.1,287.13
19-May-15,57.26,59.54,59.63,57.09,30.3
18-May-15,59.43,59.85,60.88,59.06,144.39
15-May-15,59.69,59.67,59.97,58.42,222.09
14-May-15,59.88,60.1,60.84,59.36,361.43
13-May-15,60.5,61.23,61.85,60.02,426.84
12-May-15,60.75,59.27,61.36,59.12,397.35
11-May-15,59.25,59.43,59.85,58.75,332.69
8-May-15,59.39,59.02,59.9,58.14,434.58
7-May-15,58.94,60.69,61.31,58.49,437.02
6-May-15,60.93,60.72,62.58,60.54,423.58
5-May-15,60.4,58.95,61.1,58.63,389.74
4-May-15,58.93,59.3,59.73,58.45,215.05
1-May-15,59.15,59.79,59.9,58.32,244.75
30-Apr-15,59.63,58.55,59.85,58.38,340.32
29-Apr-15,58.58,56.93,59.33,56.54,411.1
28-Apr-15,57.06,56.65,57.83,56.07,281.86
27-Apr-15,56.99,57.3,57.89,56.52,250.56
24-Apr-15,57.15,57.53,57.95,56.5,328.32
23-Apr-15,57.74,56.28,58.41,55.76,415.57
22-Apr-15,56.16,56.34,57.19,55.73,329.63
21-Apr-15,55.26,56.41,56.91,55.01,29.6
20-Apr-15,56.38,56.16,57.17,54.85,112.38
17-Apr-15,55.74,56.56,56.88,55.31,230.62
16-Apr-15,56.71,55.92,57.42,55.07,413.13
15-Apr-15,56.39,53.55,56.69,53.39,508.9
14-Apr-15,53.29,52.05,53.79,51.83,431.03
13-Apr-15,51.91,51.81,53.1,51.47,375.53
10-Apr-15,51.64,50.73,51.93,50.08,395.14
9-Apr-15,50.79,51,52.07,50.51,449.53
8-Apr-15,50.42,53.18,53.23,50.37,552.63
7-Apr-15,53.98,51.95,54.13,51.17,548.87
6-Apr-15,52.14,49.47,52.24,49.47,325.28
3-Apr-15,49.14,49.14,49.14,49.14,-
2-Apr-15,49.14,49.59,50.27,48.11,453.39
1-Apr-15,50.09,47.55,50.45,47.05,451.1
31-Mar-15,47.6,48.73,48.73,47.28,365.75
30-Mar-15,48.68,48.57,49.16,47.61,355.87
27-Mar-15,48.87,51.01,51.38,48.21,384.09
26-Mar-15,51.43,49.02,52.48,48.73,515.28
25-Mar-15,49.21,47.72,49.46,47,398.8
24-Mar-15,47.51,47.46,48.56,46.67,309.55
23-Mar-15,47.45,46.41,47.61,45.33,292.42
20-Mar-15,45.72,43.99,46.53,43.31,22.46
19-Mar-15,43.96,44.6,44.71,42.75,106.91
18-Mar-15,44.66,42.51,45.34,42.03,220.64
17-Mar-15,43.46,43.84,44.2,42.41,346.31
16-Mar-15,43.88,44.81,45,42.85,367.6
13-Mar-15,44.84,46.93,47.28,44.75,395.72
12-Mar-15,47.05,48.44,48.76,46.86,358.38
11-Mar-15,48.17,48.77,49.05,47.33,404.59
10-Mar-15,48.29,50.08,50.36,48.2,395.76
9-Mar-15,50,49.6,50.79,49.25,409.88
6-Mar-15,49.61,50.89,51.22,48.88,406.84
5-Mar-15,50.76,51.62,52.4,50.61,370.95
4-Mar-15,51.53,50.61,51.99,49.6,463.99
3-Mar-15,50.52,49.8,50.83,49.45,370.6
2-Mar-15,49.59,49.45,51.04,48.71,427.18
27-Feb-15,49.76,48.97,49.94,48.46,399.49
26-Feb-15,48.17,51,51.22,47.8,459.58
25-Feb-15,50.99,49.16,51.28,48.43,429.52
24-Feb-15,49.28,49.42,50.33,48.68,293.1
23-Feb-15,49.45,50.75,50.99,48.67,475.38
20-Feb-15,50.34,51.24,51.85,49.91,30.66
19-Feb-15,51.16,50.55,52.14,49.15,125.21
18-Feb-15,52.14,53.24,53.41,50.32,257.48
17-Feb-15,53.53,52.75,54.15,50.81,518.8
16-Feb-15,53.61,54.04,54.08,52.92,-
15-Feb-15,54.06,53.75,54.42,53.71,-
13-Feb-15,52.78,51.35,53.43,51.03,437.07
12-Feb-15,51.21,49.42,51.6,49.14,563.66
11-Feb-15,48.84,50.98,51.14,48.05,519.27
10-Feb-15,50.02,52.43,52.65,49.86,501.7
9-Feb-15,52.86,52.01,53.99,51.65,536.36
6-Feb-15,51.69,50.86,53.16,50.72,584.98
5-Feb-15,50.48,48.67,52.1,47.36,596.85
4-Feb-15,48.45,51.67,52.56,47.95,577.52
3-Feb-15,53.05,49.79,54.24,49.69,644.92
2-Feb-15,49.57,47.59,50.56,46.67,511.41
30-Jan-15,48.24,44.63,48.35,44.31,454.14
29-Jan-15,44.53,44.43,44.96,43.58,300.73
28-Jan-15,44.45,45.83,45.83,44.08,365.44
27-Jan-15,46.23,45.13,46.55,44.81,313.14
26-Jan-15,45.15,45.2,46.41,44.35,310.64
23-Jan-15,45.59,46.63,47.76,45.21,374.29
22-Jan-15,46.31,47.35,49.09,45.87,426.83
21-Jan-15,47.78,46.69,48.2,46.55,340.25
20-Jan-15,46.39,48.69,48.77,45.89,49.74
19-Jan-15,47.78,48.84,49.19,47.64,-
18-Jan-15,48.85,48.95,49.06,48.78,-
16-Jan-15,48.69,46.35,48.87,45.95,175.63
15-Jan-15,46.25,48.6,51.27,46.07,478.34
14-Jan-15,48.48,46.16,48.91,45.01,510.25
13-Jan-15,45.89,45.69,46.79,44.2,476.54
12-Jan-15,46.07,48.19,48.19,45.62,394.95
9-Jan-15,48.36,48.92,49.61,47.16,421.01
8-Jan-15,48.79,48.78,49.65,47.73,362.08
7-Jan-15,48.65,48,49.31,46.83,460.08
6-Jan-15,47.93,50,50.37,47.55,451.64
5-Jan-15,50.04,52.61,52.73,49.68,375.78
2-Jan-15,52.69,53.76,55.11,52.03,268.71
1-Jan-15,54.56,53.73,54.85,53.72,-
31-Dec-14,53.27,53.87,54.02,52.44,233.52
30-Dec-14,54.12,53.72,54.32,52.7,218.56
29-Dec-14,53.61,55.05,55.74,52.9,241.38
26-Dec-14,54.73,55.86,56.59,54.51,127.2
25-Dec-14,55.92,55.87,56.05,55.73,-
24-Dec-14,55.84,56.8,57.15,55.07,174.97
23-Dec-14,57.12,55.39,57.56,55.06,274
22-Dec-14,55.26,57.75,58.53,55.13,277.32
19-Dec-14,56.52,55.5,56.91,54.2,26.47
18-Dec-14,54.11,55.83,58.73,54.05,106.32
17-Dec-14,56.47,55.5,58.98,54.21,351.98
16-Dec-14,55.93,55.4,57.15,53.6,518.78
15-Dec-14,55.91,57.07,58.73,55.02,424.95
12-Dec-14,57.81,59.17,59.57,57.34,414.22
11-Dec-14,59.95,61.12,61.68,58.96,392.49
10-Dec-14,60.94,63.33,63.43,60.43,456.17
9-Dec-14,63.82,63.01,64.2,62.25,322.8
8-Dec-14,63.05,65.46,65.55,62.78,330.08
5-Dec-14,65.84,66.8,66.89,65.17,276.53
4-Dec-14,66.81,67.4,68.22,66.09,237.01
3-Dec-14,67.38,67.6,68.23,66.8,293.48
2-Dec-14,66.88,69.24,69.32,66.67,360.3
1-Dec-14,69,66,69.54,63.72,504.12
28-Nov-14,66.15,73.5,73.56,65.69,552.88
27-Nov-14,68.55,73.54,73.55,67.77,-
26-Nov-14,73.69,73.87,74.48,73.3,258.38
25-Nov-14,74.09,75.51,76.58,73.71,294.45
24-Nov-14,75.78,76.62,77.02,75.45,194.75
21-Nov-14,76.51,76.29,77.83,75.62,275.32
20-Nov-14,75.58,74.25,75.76,74.17,28.25
19-Nov-14,74.58,74.23,75.4,73.88,116.28
18-Nov-14,74.61,75.49,76.44,74.12,186.21
17-Nov-14,75.64,75.93,76.18,74.71,279.46
14-Nov-14,75.82,74.36,76.3,73.25,355.25
13-Nov-14,74.21,76.95,77.16,74.07,447.01
12-Nov-14,77.18,77.5,78.08,76.63,359.95
11-Nov-14,77.94,77.18,78.04,76.42,314.31
10-Nov-14,77.4,78.5,79.85,77.13,319.49
7-Nov-14,78.65,77.86,79.41,77.47,306.08
6-Nov-14,77.91,78.87,78.98,77.12,292.9
5-Nov-14,78.68,77.36,79.35,76.46,447.69
4-Nov-14,77.19,78.22,78.41,75.84,432.76
3-Nov-14,78.78,80.59,80.98,78.08,386.05
31-Oct-14,80.54,81.04,81.27,79.55,294.18
30-Oct-14,81.12,81.93,82.09,80.72,270.07
29-Oct-14,82.2,81.55,82.88,81.44,283.76
28-Oct-14,81.42,80.64,81.66,80.36,226.07
27-Oct-14,81,81.27,81.29,79.44,285.33
24-Oct-14,81.01,81.95,81.95,80.36,272.51
23-Oct-14,82.09,80.42,82.37,80.05,354.84
22-Oct-14,80.52,82.55,83.15,80.22,352.22
21-Oct-14,82.81,82.76,84.05,82.29,23.44
20-Oct-14,82.71,83.13,83.48,81.55,83.7
17-Oct-14,82.75,83.18,84.45,82.44,174.14
16-Oct-14,82.7,81.06,84.83,79.78,424.52
15-Oct-14,81.78,82.32,82.45,80.01,487.72
14-Oct-14,81.84,84.98,85.6,81.32,475.83
13-Oct-14,85.74,85.2,85.87,84.07,292.35
10-Oct-14,85.82,84.39,86.29,83.59,396.53
9-Oct-14,85.77,87.73,87.95,84.06,345.02
8-Oct-14,87.31,88.43,88.63,86.83,373.75
7-Oct-14,88.85,90.45,90.57,88.38,300.11
6-Oct-14,90.34,89.77,90.74,88.76,276.61
3-Oct-14,89.74,91.38,91.79,89.36,342.8
2-Oct-14,91.01,90.74,91.54,88.18,449.55
1-Oct-14,90.73,91.36,92.96,90.47,389.25
30-Sep-14,91.16,94.34,94.9,90.86,429.25
29-Sep-14,94.57,93.35,94.64,92.74,261.25
26-Sep-14,93.54,92.47,93.86,92.23,258.89
25-Sep-14,92.53,92.89,93.54,92.05,248.85
24-Sep-14,92.8,91.72,93.29,91.12,282.63
23-Sep-14,91.56,90.7,92.09,90.58,247.77
22-Sep-14,91.52,92.22,92.64,91.2,23.94
19-Sep-14,92.41,92.97,93.22,91.85,92.78
18-Sep-14,93.07,93.97,94.82,92.85,170.77
17-Sep-14,94.42,94.71,95.06,93.74,305.83
16-Sep-14,94.88,92.81,95.19,92.46,294.72
15-Sep-14,92.92,92.13,93.03,90.63,260.51
12-Sep-14,92.27,93.05,93.67,91.96,297.77
11-Sep-14,92.83,91.71,93.44,90.43,403.18
10-Sep-14,91.67,92.79,93.03,91.22,295.31
9-Sep-14,92.75,93.11,93.94,92.52,275.88
8-Sep-14,92.66,93.49,93.62,91.8,277.99
5-Sep-14,93.29,94.57,94.99,92.86,261.39
4-Sep-14,94.45,95.07,95.39,94.16,254.14
3-Sep-14,95.54,93.28,95.83,93.06,294.4
2-Sep-14,92.88,95.81,95.91,92.68,320.36
1-Sep-14,95.83,95.76,95.9,95.51,-
29-Aug-14,95.96,94.56,96,94.48,234.97
28-Aug-14,94.55,93.75,94.71,93.45,262.29
27-Aug-14,93.88,93.88,94.24,93.36,174.91
26-Aug-14,93.86,93.36,94.35,93.35,176.28
25-Aug-14,93.35,93.34,93.95,93.05,137.42
22-Aug-14,93.65,93.89,94.04,92.92,191.46
21-Aug-14,93.96,93.49,94.45,92.5,226.34
20-Aug-14,96.07,94.7,96.47,94.7,22.89
19-Aug-14,94.48,96.56,97.05,94.26,109.04
18-Aug-14,96.41,97.1,97.16,95.81,157.54
15-Aug-14,97.35,95.5,97.41,95.32,269.75
14-Aug-14,95.58,97.3,97.59,95.26,350.62
13-Aug-14,97.59,97.2,97.78,96.75,253.7
12-Aug-14,97.37,97.84,97.94,96.81,242.59
11-Aug-14,98.08,97.54,98.58,97.37,241.49
8-Aug-14,97.65,97.64,98.45,97.15,266.01
7-Aug-14,97.34,96.89,97.72,96.55,286.53
6-Aug-14,96.92,97.62,98.13,96.69,263.6
5-Aug-14,97.38,98.41,98.67,97,242.24
4-Aug-14,98.29,97.67,98.67,97.43,204.26
1-Aug-14,97.88,97.7,98.1,97.09,274.99
31-Jul-14,98.17,99.47,99.85,97.6,335.79
30-Jul-14,100.27,101.03,101.67,99.42,263.97
29-Jul-14,100.97,101.6,101.83,100.37,258.06
28-Jul-14,101.67,101.87,102.1,100.9,197.82
25-Jul-14,102.09,102.04,102.53,101,284.92
24-Jul-14,102.07,103.2,103.31,101.88,194.4
23-Jul-14,103.12,101.96,103.34,101.79,260.65
22-Jul-14,104.42,104.58,105.25,103.89,43.19
21-Jul-14,104.59,102.97,104.99,102.65,126.99
18-Jul-14,103.13,103.72,103.94,102.58,172.53
17-Jul-14,103.19,101.49,103.9,101.27,342.87
16-Jul-14,101.2,100.21,101.6,100.07,240.2
15-Jul-14,99.96,100.93,101.06,99.01,331.2
14-Jul-14,100.91,100.46,101.2,100.22,252.68
11-Jul-14,100.83,102.86,102.92,100.44,272.55
10-Jul-14,102.93,101.95,103,101.55,238.08
9-Jul-14,102.29,103.45,103.6,101.85,250.99
8-Jul-14,103.4,103.39,104.2,103.01,249.38
7-Jul-14,103.53,104.06,104.09,103.19,189.25
4-Jul-14,103.76,104.11,104.13,103.64,-
3-Jul-14,104.06,104.27,104.29,103.67,169.94
2-Jul-14,104.48,105.21,105.53,104.1,240.07
1-Jul-14,105.34,105.44,106.09,104.6,221.69
30-Jun-14,105.37,105.69,105.76,104.66,215.33
27-Jun-14,105.74,105.64,106.19,105.33,128.98
26-Jun-14,105.84,106.71,106.81,105.03,195.72
25-Jun-14,106.5,106.14,107.5,105.47,249.06
24-Jun-14,106.03,106.02,106.46,105.25,175.21
23-Jun-14,106.17,107.42,107.45,105.91,175.47
20-Jun-14,107.26,106.6,107.73,106.33,31.67
19-Jun-14,106.43,106.11,106.7,105.32,123.12
18-Jun-14,105.97,106.6,106.97,105.8,176.26
17-Jun-14,106.36,106.59,107.18,106.01,252.97
16-Jun-14,106.9,106.88,107.54,106.57,204.79
13-Jun-14,106.91,106.84,107.68,106.37,255.39
12-Jun-14,106.53,104.47,106.95,104.35,321.5
11-Jun-14,104.4,104.3,104.81,104.17,187.73
10-Jun-14,104.35,104.46,105.06,103.98,255.6
9-Jun-14,104.41,102.78,104.57,102.62,246.72
6-Jun-14,102.66,102.44,103.07,102.3,197.76
5-Jun-14,102.48,102.37,102.69,101.6,200.4
4-Jun-14,102.64,102.79,103.69,102.34,208.54
3-Jun-14,102.66,102.44,102.86,102.23,160.21
2-Jun-14,102.47,102.92,103.35,102.1,159.04
30-May-14,102.71,103.51,103.56,102.4,169.73
29-May-14,103.58,103.06,103.94,102.61,205.51
28-May-14,102.72,104.14,104.39,102.64,239.13
27-May-14,104.11,104.34,104.5,103.57,174.39
26-May-14,104.28,104.2,104.38,103.93,-
23-May-14,104.35,103.71,104.5,103.64,160.56
22-May-14,103.74,103.85,104.22,103.55,159.18
21-May-14,104.07,102.96,104.29,102.78,272.13
20-May-14,102.44,102.6,102.86,102.1,48.32
19-May-14,102.61,102.13,103.09,101.97,121.11
16-May-14,102.02,101.56,102.23,101.39,147.9
15-May-14,101.5,102.03,102.26,101.27,276.06
14-May-14,102.37,101.91,102.65,101.83,234.48
13-May-14,101.7,100.63,102.05,100.36,253.59
12-May-14,100.59,100.12,100.93,99.93,211.65
9-May-14,99.99,100.27,101.18,99.71,271.34
8-May-14,100.26,100.82,100.93,99.87,252.61
7-May-14,100.77,99.83,100.99,99.78,291.27
6-May-14,99.5,99.38,100.42,99.32,251.21
5-May-14,99.48,99.96,100.44,98.91,190
2-May-14,99.76,99.17,100.14,99.17,213.63
1-May-14,99.42,99.72,99.89,98.74,235.46
30-Apr-14,99.74,100.76,100.76,99.35,282.98
29-Apr-14,101.28,100.89,102.2,100.71,218.69
28-Apr-14,100.84,100.49,101.52,100.33,231.59
25-Apr-14,100.6,101.93,102.05,100.48,221.6
24-Apr-14,101.94,101.54,102.35,101.4,202.28
23-Apr-14,101.44,101.86,102.08,101.2,250.65
22-Apr-14,102.13,104.36,104.36,101.69,46.49
21-Apr-14,104.37,104.54,104.77,103.85,115.1
17-Apr-14,104.3,103.84,104.78,103.54,191.34
16-Apr-14,103.76,103.76,104.99,103.12,279.39
15-Apr-14,103.75,103.6,104.05,102.91,215.85
14-Apr-14,104.05,103.56,104.55,103.34,237.21
11-Apr-14,103.74,103.34,104.44,103.01,261.92
10-Apr-14,103.4,103.44,103.81,103.1,222.17
9-Apr-14,103.6,102.35,103.77,102.03,324.66
8-Apr-14,102.56,100.69,102.71,100.68,299.55
7-Apr-14,100.44,100.91,101.32,99.92,254.88
4-Apr-14,101.14,100.38,101.63,100.28,193.53
3-Apr-14,100.29,99.29,100.49,99.07,195.43
2-Apr-14,99.62,99.64,99.83,98.86,231.6
1-Apr-14,99.74,101.53,101.57,99.28,237.56
31-Mar-14,101.58,101.69,101.97,100.88,167.57
28-Mar-14,101.67,101.34,102.24,101.18,166.33
27-Mar-14,101.28,100.3,101.7,100.03,202.2
26-Mar-14,100.26,99.18,100.46,99.1,211.37
25-Mar-14,99.19,99.43,100.25,98.8,217.01
24-Mar-14,99.6,99.49,100.29,99.05,151.71
21-Mar-14,99.46,98.59,100.25,98.25,191.29
20-Mar-14,99.43,100.39,100.82,99.08,33.88
19-Mar-14,100.37,99.53,100.47,99.34,110.32
18-Mar-14,99.7,97.97,99.78,97.75,192.51
17-Mar-14,98.08,99.39,99.39,97.37,227.39
14-Mar-14,98.89,98.25,99.28,98.06,226.3
13-Mar-14,98.2,98.1,98.6,97.67,268.07
12-Mar-14,97.99,99.48,99.6,97.55,416.93
11-Mar-14,100.03,100.94,101.52,99.32,294.2
10-Mar-14,101.12,102.75,102.82,100.85,225.29
7-Mar-14,102.58,101.97,102.91,101.57,226.15
6-Mar-14,101.56,101.04,102.08,100.13,291.85
5-Mar-14,101.45,103.35,103.53,100.85,267.84
4-Mar-14,103.33,104.89,104.96,102.85,210.01
3-Mar-14,104.92,103,105.22,102.95,295.82
28-Feb-14,102.59,102.15,102.96,101.8,178.28
27-Feb-14,102.4,102.57,103.08,101.75,196.49
26-Feb-14,102.59,102.04,102.9,101.58,196.52
25-Feb-14,101.83,102.8,102.84,101.02,187.22
24-Feb-14,102.82,102.29,103.45,101.97,177.86
21-Feb-14,102.2,102.87,102.92,101.69,173.26
20-Feb-14,102.92,103.41,103.5,102.75,36.26
19-Feb-14,103.31,103.14,103.8,102.4,116.16
18-Feb-14,102.43,100.32,103.25,100.23,177.37
17-Feb-14,100.58,100.59,100.83,100.23,-
14-Feb-14,100.3,100.34,100.47,99.43,229.78
13-Feb-14,100.35,100.27,100.66,99.4,221.72
12-Feb-14,100.37,100.46,101.38,100.04,318.69
11-Feb-14,99.94,99.97,100.6,99.6,233.93
10-Feb-14,100.06,100.05,100.55,99.11,251.13
7-Feb-14,99.88,97.97,100.24,97.11,270.41
6-Feb-14,97.84,97.25,98.83,97.25,234.28
5-Feb-14,97.38,97.67,98.26,96.8,237.67
4-Feb-14,97.19,96.53,97.82,96.37,204.28
3-Feb-14,96.43,97.4,97.94,96.26,293.31
31-Jan-14,97.49,97.97,98.39,97.1,253.46
30-Jan-14,98.23,97.42,98.59,97.33,199.42
